WIlmanNameForPhylo;species;year;naxes;beta_total;beta_repl;beta_diff;vol_protected;vol_unprotected;disp_protected;disp_unprotected;delta_vol;delta_disp;Group;Activity-Nocturnal;BodyMass-Value;Gen_Length;Migr;RL_Status_FI_2019;Habitat_Specializ;DietSpecializ;MainHabitatOriginal;MainHabitat6;MeanLatitude;Order;Family
Carduelis flammea;Acanthis flammea;2000s;7;0,984;0,957;0,027;0,183822157;0,193971922;0,773832622;0,778330359;-0,010149766;-0,004497737;bird;0;13;4,5;S;0;0,955102041;0,8;FO;mixedForest;59,80116264;PASSERIFORMES;Fringillidae
Carduelis flammea;Acanthis flammea;2006s;7;0,694;0,68;0,014;3,21232755;3,280037861;0,761276783;0,768920017;-0,067710311;-0,007643234;bird;0;13;4,5;S;0;0,955102041;0,8;FO;mixedForest;59,80116264;PASSERIFORMES;Fringillidae
Carduelis flammea;Acanthis flammea;2012s;7;0,834;0,786;0,049;2,009593425;1,849014137;0,745939903;0,745552286;0,160579288;0,000387617;bird;0;13;4,5;S;0;0,955102041;0,8;FO;mixedForest;59,80116264;PASSERIFORMES;Fringillidae
Carduelis flammea;Acanthis flammea;2018s;7;0,796;0,741;0,054;1,359345175;1,48810394;0,744034765;0,740988327;-0,128758765;0,003046438;bird;0;13;4,5;S;0;0,955102041;0,8;FO;mixedForest;59,80116264;PASSERIFORMES;Fringillidae
Anthus trivialis;Anthus trivialis;2000s;7;0,772;0,758;0,013;0,890003464;0,909563103;0,724128512;0,72029293;-0,01955964;0,003835582;bird;0;23,33;3,6;L;0;0,957142857;0,777777778;CF;coniferous;56,42094532;PASSERIFORMES;Motacillidae
Anthus trivialis;Anthus trivialis;2006s;7;0,412;0,376;0,036;5,665192909;5,414135215;0,67109515;0,678255885;0,251057694;-0,007160735;bird;0;23,33;3,6;L;0;0,957142857;0,777777778;CF;coniferous;56,42094532;PASSERIFORMES;Motacillidae
Anthus trivialis;Anthus trivialis;2012s;7;0,384;0,279;0,105;4,589844031;5,229203367;0,625781852;0,632169578;-0,639359336;-0,006387727;bird;0;23,33;3,6;L;0;0,957142857;0,777777778;CF;coniferous;56,42094532;PASSERIFORMES;Motacillidae
Anthus trivialis;Anthus trivialis;2018s;7;0,53;0,526;0,004;3,42496458;3,442209013;0,63854622;0,637211722;-0,017244433;0,001334497;bird;0;23,33;3,6;L;0;0,957142857;0,777777778;CF;coniferous;56,42094532;PASSERIFORMES;Motacillidae
Erithacus rubecula;Erithacus rubecula;2000s;6;0,281;0,201;0,079;130,8135039;119,290183;0,673280679;0,664907762;11,52332097;0,008372918;bird;0;17,7;6;S;0;0,857142857;0,644444444;FO;mixedForest;55,64171297;PASSERIFORMES;Muscicapidae
Erithacus rubecula;Erithacus rubecula;2006s;7;0,424;0,419;0,004;4,81095167;4,837021186;0,665831907;0,663085734;-0,026069516;0,002746173;bird;0;17,7;6;S;0;0,857142857;0,644444444;FO;mixedForest;55,64171297;PASSERIFORMES;Muscicapidae
Erithacus rubecula;Erithacus rubecula;2012s;7;0,592;0,551;0,04;2,26171717;2,394245389;0,647431939;0,654206147;-0,132528219;-0,006774207;bird;0;17,7;6;S;0;0,857142857;0,644444444;FO;mixedForest;55,64171297;PASSERIFORMES;Muscicapidae
Erithacus rubecula;Erithacus rubecula;2018s;7;0,571;0,506;0,065;6,350381075;5,799015118;0,67820721;0,682570106;0,551365956;-0,004362896;bird;0;17,7;6;S;0;0,857142857;0,644444444;FO;mixedForest;55,64171297;PASSERIFORMES;Muscicapidae
Fringilla coelebs;Fringilla coelebs;2000s;7;0,61;0,578;0,032;2,181501326;2,285419349;0,713730158;0,71390253;-0,103918023;-0,000172372;bird;0;23,81;5,7;S;0;0,897142857;0,866666667;FO;mixedForest;56,44762632;PASSERIFORMES;Fringillidae
Fringilla coelebs;Fringilla coelebs;2006s;7;0,37;0,311;0,06;6,919188262;6,430286887;0,656703689;0,648464692;0,488901375;0,008238997;bird;0;23,81;5,7;S;0;0,897142857;0,866666667;FO;mixedForest;56,44762632;PASSERIFORMES;Fringillidae
Fringilla coelebs;Fringilla coelebs;2012s;7;0,602;0,522;0,08;1,79162959;2,010041173;0,656775415;0,643296145;-0,218411584;0,01347927;bird;0;23,81;5,7;S;0;0,897142857;0,866666667;FO;mixedForest;56,44762632;PASSERIFORMES;Fringillidae
Fringilla coelebs;Fringilla coelebs;2018s;7;0,573;0,532;0,041;3,469096608;3,67598888;0,666827512;0,665730412;-0,206892271;0,001097101;bird;0;23,81;5,7;S;0;0,897142857;0,866666667;FO;mixedForest;56,44762632;PASSERIFORMES;Fringillidae
Fringilla montifringilla;Fringilla montifringilla;2000s;6;0,331;0,293;0,038;411,9199587;431,371818;0,8026782;0,795986606;-19,45185932;0,006691594;bird;0;23,19;5,7;S;0;0,928571429;0,822222222;FO;mixedForest;59,91676645;PASSERIFORMES;Fringillidae
Fringilla montifringilla;Fringilla montifringilla;2006s;7;0,763;0,753;0,011;1,429200726;1,454463992;0,730595186;0,732551193;-0,025263266;-0,001956008;bird;0;23,19;5,7;S;0;0,928571429;0,822222222;FO;mixedForest;59,91676645;PASSERIFORMES;Fringillidae
Fringilla montifringilla;Fringilla montifringilla;2012s;7;0,749;0,74;0,009;1,28517541;1,303194636;0,702942583;0,702640646;-0,018019226;0,000301937;bird;0;23,19;5,7;S;0;0,928571429;0,822222222;FO;mixedForest;59,91676645;PASSERIFORMES;Fringillidae
Fringilla montifringilla;Fringilla montifringilla;2018s;7;0,74;0,662;0,078;1,131581799;0,998885148;0,715462078;0,711122567;0,132696652;0,004339511;bird;0;23,19;5,7;S;0;0,928571429;0,822222222;FO;mixedForest;59,91676645;PASSERIFORMES;Fringillidae
Lagopus lagopus;Lagopus lagopus;2000s;4;0,05;0,04;0,01;89787,41399;88849,50003;0,893289428;0,897624438;937,9139569;-0,004335009;bird;0;566,86;4,2;R;1;0,952380952;0,977777778;MM;other;62,09720537;GALLIFORMES;Phasianidae
Lagopus lagopus;Lagopus lagopus;2006s;5;0,078;0,07;0,008;13043,48937;13157,23146;0,866189936;0,88083391;-113,7420927;-0,014643974;bird;0;566,86;4,2;R;1;0,952380952;0,977777778;MM;other;62,09720537;GALLIFORMES;Phasianidae
Lagopus lagopus;Lagopus lagopus;2012s;4;0,043;0,032;0,011;46521,67377;46010,08191;0,741948538;0,75144234;511,5918564;-0,009493802;bird;0;566,86;4,2;R;1;0,952380952;0,977777778;MM;other;62,09720537;GALLIFORMES;Phasianidae
Lagopus lagopus;Lagopus lagopus;2018s;5;0,289;0,285;0,003;1452,491477;1458,415698;0,795560527;0,803984322;-5,924220342;-0,008423795;bird;0;566,86;4,2;R;1;0,952380952;0,977777778;MM;other;62,09720537;GALLIFORMES;Phasianidae
Loxia curvirostra;Loxia curvirostra;2000s;5;0,163;0,144;0,019;1202,754549;1227,903981;0,717916034;0,715141519;-25,14943173;0,002774515;bird;0;38,29;3,4;R;0;0,977142857;0,844444444;CF;coniferous;56,28382482;PASSERIFORMES;Fringillidae
Loxia curvirostra;Loxia curvirostra;2006s;7;0,533;0,45;0,082;5,056024358;5,658175239;0,652470063;0,664303577;-0,602150881;-0,011833514;bird;0;38,29;3,4;R;0;0,977142857;0,844444444;CF;coniferous;56,28382482;PASSERIFORMES;Fringillidae
Loxia curvirostra;Loxia curvirostra;2012s;7;0,315;0,314;0,001;17,98803572;18,0062477;0,670902792;0,665927495;-0,018211974;0,004975297;bird;0;38,29;3,4;R;0;0,977142857;0,844444444;CF;coniferous;56,28382482;PASSERIFORMES;Fringillidae
Loxia curvirostra;Loxia curvirostra;2018s;7;0,454;0,445;0,009;4,870475236;4,812735415;0,656453434;0,64200704;0,057739821;0,014446394;bird;0;38,29;3,4;R;0;0,977142857;0,844444444;CF;coniferous;56,28382482;PASSERIFORMES;Fringillidae
Phoenicurus phoenicurus;Phoenicurus phoenicurus;2000s;6;0,998;0,979;0,018;0,169812092;0,176142709;0,738736752;0,748169311;-0,006330617;-0,009432559;bird;0;14,59;4,1;L;0;0,871428571;0,955555556;CF;coniferous;57,69398476;PASSERIFORMES;Muscicapidae
Phoenicurus phoenicurus;Phoenicurus phoenicurus;2006s;7;0,85;0,844;0,006;0,659475927;0,652280239;0,720769737;0,722683387;0,007195689;-0,001913649;bird;0;14,59;4,1;L;0;0,871428571;0,955555556;CF;coniferous;57,69398476;PASSERIFORMES;Muscicapidae
Phoenicurus phoenicurus;Phoenicurus phoenicurus;2012s;7;0,592;0,571;0,021;2,35473737;2,426523253;0,642367102;0,643104769;-0,071785884;-0,000737667;bird;0;14,59;4,1;L;0;0,871428571;0,955555556;CF;coniferous;57,69398476;PASSERIFORMES;Muscicapidae
Phoenicurus phoenicurus;Phoenicurus phoenicurus;2018s;7;0,404;0,346;0,058;5,031740101;5,409070464;0,661846692;0,67330597;-0,377330363;-0,011459279;bird;0;14,59;4,1;L;0;0,871428571;0,955555556;CF;coniferous;57,69398476;PASSERIFORMES;Muscicapidae
Phylloscopus trochilus;Phylloscopus trochilus;2000s;7;0,657;0,652;0,005;8,548747562;8,481414706;0,793243507;0,786032311;0,067332856;0,007211196;bird;0;8,7;3,5;L;0;0,955102041;0,933333333;DF;deciduous;56,99735626;PASSERIFORMES;Sylviidae
Phylloscopus trochilus;Phylloscopus trochilus;2006s;7;0,393;0,356;0,036;17,1211215;16,36161134;0,751791691;0,758269338;0,75951016;-0,006477647;bird;0;8,7;3,5;L;0;0,955102041;0,933333333;DF;deciduous;56,99735626;PASSERIFORMES;Sylviidae
Phylloscopus trochilus;Phylloscopus trochilus;2012s;7;0,371;0,368;0,003;14,34888498;14,39757563;0,705055996;0,705955114;-0,048690642;-0,000899118;bird;0;8,7;3,5;L;0;0,955102041;0,933333333;DF;deciduous;56,99735626;PASSERIFORMES;Sylviidae
Phylloscopus trochilus;Phylloscopus trochilus;2018s;7;0,342;0,294;0,049;18,19511669;17,15893085;0,725332818;0,726676031;1,036185833;-0,001343213;bird;0;8,7;3,5;L;0;0,955102041;0,933333333;DF;deciduous;56,99735626;PASSERIFORMES;Sylviidae
Prunella modularis;Prunella modularis;2000s;6;0,683;0,678;0,005;68,65270427;68,10507333;0,823241063;0,822014897;0,547630942;0,001226165;bird;0;20,24;4,6;S;0;0,9;0,888888889;FO;mixedForest;55,34242306;PASSERIFORMES;Prunellidae
Prunella modularis;Prunella modularis;2006s;7;0,489;0,446;0,043;5,060636413;4,782514361;0,690087585;0,685853567;0,278122052;0,004234018;bird;0;20,24;4,6;S;0;0,9;0,888888889;FO;mixedForest;55,34242306;PASSERIFORMES;Prunellidae
Prunella modularis;Prunella modularis;2012s;7;0,446;0,414;0,032;8,621382577;8,272238012;0,689734033;0,696864825;0,349144565;-0,007130792;bird;0;20,24;4,6;S;0;0,9;0,888888889;FO;mixedForest;55,34242306;PASSERIFORMES;Prunellidae
Prunella modularis;Prunella modularis;2018s;7;0,445;0,38;0,065;21,88682666;23,80592307;0,705073283;0,709171152;-1,919096416;-0,00409787;bird;0;20,24;4,6;S;0;0,9;0,888888889;FO;mixedForest;55,34242306;PASSERIFORMES;Prunellidae
Pyrrhula pyrrhula;Pyrrhula pyrrhula;2000s;6;0,381;0,366;0,015;44,39862384;45,21029199;0,614843107;0,61588305;-0,811668155;-0,001039943;bird;0;24,26;4,8;R;0;0,928571429;0,822222222;CF;coniferous;55,96842407;PASSERIFORMES;Fringillidae
Pyrrhula pyrrhula;Pyrrhula pyrrhula;2006s;7;0,57;0,557;0,013;0,606807665;0,596194345;0,634076093;0,63699525;0,010613321;-0,002919157;bird;0;24,26;4,8;R;0;0,928571429;0,822222222;CF;coniferous;55,96842407;PASSERIFORMES;Fringillidae
Pyrrhula pyrrhula;Pyrrhula pyrrhula;2012s;7;0,524;0,519;0,005;4,287518341;4,257301076;0,698317314;0,687528769;0,030217265;0,010788545;bird;0;24,26;4,8;R;0;0,928571429;0,822222222;CF;coniferous;55,96842407;PASSERIFORMES;Fringillidae
Pyrrhula pyrrhula;Pyrrhula pyrrhula;2018s;7;0,446;0,434;0,012;12,54300796;12,74305508;0,693158649;0,698931622;-0,200047121;-0,005772973;bird;0;24,26;4,8;R;0;0,928571429;0,822222222;CF;coniferous;55,96842407;PASSERIFORMES;Fringillidae
Carduelis spinus;Spinus spinus;2000s;7;0,727;0,691;0,036;1,405318691;1,48758545;0,656570263;0,665347044;-0,082266759;-0,00877678;bird;0;13,24;4,1;S;0;0,955102041;0,733333333;CF;coniferous;56,48030979;PASSERIFORMES;Fringillidae
Carduelis spinus;Spinus spinus;2006s;7;0,431;0,412;0,02;3,755302417;3,850136793;0,652974696;0,647137174;-0,094834377;0,005837522;bird;0;13,24;4,1;S;0;0,955102041;0,733333333;CF;coniferous;56,48030979;PASSERIFORMES;Fringillidae
Carduelis spinus;Spinus spinus;2012s;7;0,398;0,327;0,07;4,458154598;4,082497944;0,632976834;0,620116303;0,375656654;0,012860531;bird;0;13,24;4,1;S;0;0,955102041;0,733333333;CF;coniferous;56,48030979;PASSERIFORMES;Fringillidae
Carduelis spinus;Spinus spinus;2018s;7;0,393;0,299;0,094;6,641723147;7,462671032;0,648631997;0,655559513;-0,820947885;-0,006927516;bird;0;13,24;4,1;S;0;0,955102041;0,733333333;CF;coniferous;56,48030979;PASSERIFORMES;Fringillidae
Tringa glareola;Tringa glareola;2000s;7;0,661;0,649;0,012;6,597505825;6,716846941;0,711259277;0,712768896;-0,119341116;-0,001509619;bird;0;62,05;5,2;L;0;0,971428571;1;MM;other;59,92432076;CHARADRIIFORMES;Scolopacidae
Tringa glareola;Tringa glareola;2006s;7;0,637;0,611;0,025;5,023549817;4,840896025;0,743092175;0,74769096;0,182653792;-0,004598786;bird;0;62,05;5,2;L;0;0,971428571;1;MM;other;59,92432076;CHARADRIIFORMES;Scolopacidae
Tringa glareola;Tringa glareola;2012s;7;0,843;0,768;0,075;0,882050672;0,774422823;0,691182697;0,68181369;0,107627849;0,009369007;bird;0;62,05;5,2;L;0;0,971428571;1;MM;other;59,92432076;CHARADRIIFORMES;Scolopacidae
Tringa glareola;Tringa glareola;2018s;7;0,646;0,592;0,054;3,8843998;3,588285516;0,734316123;0,732885282;0,296114283;0,001430841;bird;0;62,05;5,2;L;0;0,971428571;1;MM;other;59,92432076;CHARADRIIFORMES;Scolopacidae
Turdus philomelos;Turdus philomelos;2000s;6;0,223;0,223;0,001;287,7045293;287,4617515;0,67598878;0,679972344;0,242777816;-0,003983564;bird;0;67,74;5,2;S;0;0,897142857;0,8;FO;mixedForest;56,40790347;PASSERIFORMES;Turdidae
Turdus philomelos;Turdus philomelos;2006s;7;0,354;0,35;0,004;11,75433072;11,8127794;0,665539799;0,65971719;-0,05844868;0,005822608;bird;0;67,74;5,2;S;0;0,897142857;0,8;FO;mixedForest;56,40790347;PASSERIFORMES;Turdidae
Turdus philomelos;Turdus philomelos;2012s;7;0,339;0,288;0,051;11,02843509;10,37340032;0,66549636;0,669419571;0,655034765;-0,003923212;bird;0;67,74;5,2;S;0;0,897142857;0,8;FO;mixedForest;56,40790347;PASSERIFORMES;Turdidae
Turdus philomelos;Turdus philomelos;2018s;7;0,332;0,285;0,047;20,99854991;19,85265453;0,69294812;0,69310605;1,145895378;-0,00015793;bird;0;67,74;5,2;S;0;0,897142857;0,8;FO;mixedForest;56,40790347;PASSERIFORMES;Turdidae
Tringa ochropus;Tringa ochropus;2000s;6;0,995;0,961;0,034;0,060582439;0,064808143;0,609738049;0,625384131;-0,004225703;-0,015646081;bird;0;71,4;5,6;L;0;0,826666667;0,911111111;FO;mixedForest;55,43552499;CHARADRIIFORMES;Scolopacidae
Tringa ochropus;Tringa ochropus;2006s;7;0,532;0,507;0,025;2,390424179;2,311147202;0,633784928;0,632285453;0,079276976;0,001499475;bird;0;71,4;5,6;L;0;0,826666667;0,911111111;FO;mixedForest;55,43552499;CHARADRIIFORMES;Scolopacidae
Tringa ochropus;Tringa ochropus;2012s;7;0,696;0,612;0,084;1,19059385;1,046162931;0,638432875;0,62891169;0,144430919;0,009521185;bird;0;71,4;5,6;L;0;0,826666667;0,911111111;FO;mixedForest;55,43552499;CHARADRIIFORMES;Scolopacidae
Tringa ochropus;Tringa ochropus;2018s;7;0,526;0,524;0,002;6,236961022;6,254404763;0,651560651;0,650669296;-0,017443741;0,000891355;bird;0;71,4;5,6;L;0;0,826666667;0,911111111;FO;mixedForest;55,43552499;CHARADRIIFORMES;Scolopacidae
Turdus iliacus;Turdus iliacus;2000s;7;0,985;0,974;0,012;0,120709801;0,123499613;0,792103453;0,790332663;-0,002789812;0,00177079;bird;0;61,2;6,1;S;0;0,876923077;0,777777778;FO;mixedForest;56,44037384;PASSERIFORMES;Turdidae
Turdus iliacus;Turdus iliacus;2006s;7;0,381;0,319;0,062;20,72676295;19,20947091;0,770508913;0,766863961;1,517292046;0,003644951;bird;0;61,2;6,1;S;0;0,876923077;0,777777778;FO;mixedForest;56,44037384;PASSERIFORMES;Turdidae
Turdus iliacus;Turdus iliacus;2012s;7;0,378;0,369;0,009;34,2558774;33,89134301;0,742257201;0,743202249;0,364534386;-0,000945048;bird;0;61,2;6,1;S;0;0,876923077;0,777777778;FO;mixedForest;56,44037384;PASSERIFORMES;Turdidae
Turdus iliacus;Turdus iliacus;2018s;7;0,415;0,185;0,229;43,07192972;32,18447227;0,748500288;0,756463813;10,88745745;-0,007963525;bird;0;61,2;6,1;S;0;0,876923077;0,777777778;FO;mixedForest;56,44037384;PASSERIFORMES;Turdidae
Turdus viscivorus;Turdus viscivorus;2000s;6;0,997;0,979;0,018;0,149485805;0,154972272;0,714393542;0,733160122;-0,005486467;-0,01876658;bird;0;117,37;3,7;S;0;0,911111111;0,733333333;CF;coniferous;56,60673242;PASSERIFORMES;Turdidae
Turdus viscivorus;Turdus viscivorus;2006s;7;0,685;0,683;0,001;0,955644949;0,953577321;0,644938707;0,65263248;0,002067627;-0,007693773;bird;0;117,37;3,7;S;0;0,911111111;0,733333333;CF;coniferous;56,60673242;PASSERIFORMES;Turdidae
Turdus viscivorus;Turdus viscivorus;2012s;7;0,517;0,438;0,079;3,500785183;3,147824681;0,626252089;0,625120397;0,352960502;0,001131692;bird;0;117,37;3,7;S;0;0,911111111;0,733333333;CF;coniferous;56,60673242;PASSERIFORMES;Turdidae
Turdus viscivorus;Turdus viscivorus;2018s;7;0,523;0,52;0,002;3,915338687;3,927554167;0,67670258;0,672682546;-0,01221548;0,004020033;bird;0;117,37;3,7;S;0;0,911111111;0,733333333;CF;coniferous;56,60673242;PASSERIFORMES;Turdidae
Bombycilla garrulus;Bombycilla garrulus;2000s;6;0,998;0,992;0,006;0,342990318;0,338664642;0,793616633;0,784024559;0,004325676;0,009592074;bird;0;54,41;4,6;S;0;0,952380952;0,844444444;CF;coniferous;59,70855493;PASSERIFORMES;Bombycillidae
Bombycilla garrulus;Bombycilla garrulus;2006s;6;0,421;0,401;0,021;92,09890574;89,72910865;0,687945367;0,686157418;2,36979709;0,001787949;bird;0;54,41;4,6;S;0;0,952380952;0,844444444;CF;coniferous;59,70855493;PASSERIFORMES;Bombycillidae
Bombycilla garrulus;Bombycilla garrulus;2012s;4;0,047;0,039;0,008;24798,7456;25000,07059;0,674525571;0,670510632;-201,324991;0,004014938;bird;0;54,41;4,6;S;0;0,952380952;0,844444444;CF;coniferous;59,70855493;PASSERIFORMES;Bombycillidae
Bombycilla garrulus;Bombycilla garrulus;2018s;6;0,608;0,605;0,003;12,89209081;12,94720749;0,67611228;0,672681095;-0,055116678;0,003431185;bird;0;54,41;4,6;S;0;0,952380952;0,844444444;CF;coniferous;59,70855493;PASSERIFORMES;Bombycillidae
Cuculus canorus;Cuculus canorus;2000s;7;0,698;0,686;0,012;4,407582306;4,488202838;0,726552649;0,737121142;-0,080620532;-0,010568494;bird;0;111,36;7;L;0;0,957142857;0,977777778;FO;mixedForest;56,69423649;CUCULIFORMES;Cuculidae
Cuculus canorus;Cuculus canorus;2006s;7;0,509;0,504;0,005;6,661329336;6,705851354;0,713185372;0,717228881;-0,044522018;-0,004043509;bird;0;111,36;7;L;0;0,957142857;0,977777778;FO;mixedForest;56,69423649;CUCULIFORMES;Cuculidae
Cuculus canorus;Cuculus canorus;2012s;7;0,34;0,336;0,004;10,74500464;10,80144396;0,644730745;0,638346535;-0,056439315;0,00638421;bird;0;111,36;7;L;0;0,957142857;0,977777778;FO;mixedForest;56,69423649;CUCULIFORMES;Cuculidae
Cuculus canorus;Cuculus canorus;2018s;7;0,363;0,283;0,08;10,63680164;9,641791847;0,663791546;0,658559269;0,995009792;0,005232277;bird;0;111,36;7;L;0;0,957142857;0,977777778;FO;mixedForest;56,69423649;CUCULIFORMES;Cuculidae
Ficedula hypoleuca;Ficedula hypoleuca;2000s;7;0,986;0,97;0,016;0,071203317;0,069018759;0,72924106;0,732342866;0,002184559;-0,003101806;bird;0;13,79;4,2;L;0;0,952380952;1;FO;mixedForest;56,06913365;PASSERIFORMES;Muscicapidae
Ficedula hypoleuca;Ficedula hypoleuca;2006s;7;0,331;0,32;0,012;16,39814813;16,63015573;0,710081407;0,7055273;-0,232007602;0,004554107;bird;0;13,79;4,2;L;0;0,952380952;1;FO;mixedForest;56,06913365;PASSERIFORMES;Muscicapidae
Ficedula hypoleuca;Ficedula hypoleuca;2012s;7;0,531;0,472;0,058;2,822862776;2,607195349;0,610375205;0,610333906;0,215667426;4,13E-05;bird;0;13,79;4,2;L;0;0,952380952;1;FO;mixedForest;56,06913365;PASSERIFORMES;Muscicapidae
Ficedula hypoleuca;Ficedula hypoleuca;2018s;7;0,482;0,456;0,026;5,23856274;5,419351276;0,689135366;0,67810792;-0,180788535;0,011027447;bird;0;13,79;4,2;L;0;0,952380952;1;FO;mixedForest;56,06913365;PASSERIFORMES;Muscicapidae
Grus grus;Grus grus;2000s;6;0,387;0,381;0,006;98,93094858;98,219704;0,683180118;0,692448454;0,711244574;-0,009268336;bird;0;5499,99;13,4;S;0;0,911111111;0,644444444;WE;water;56,64505649;GRUIFORMES;Gruidae
Grus grus;Grus grus;2006s;7;0,319;0,316;0,003;23,09424332;22,99930445;0,669532408;0,667625528;0,094938876;0,00190688;bird;0;5499,99;13,4;S;0;0,911111111;0,644444444;WE;water;56,64505649;GRUIFORMES;Gruidae
Grus grus;Grus grus;2012s;7;0,461;0,444;0,016;18,11484821;18,50641687;0,667238178;0,669796255;-0,391568662;-0,002558078;bird;0;5499,99;13,4;S;0;0,911111111;0,644444444;WE;water;56,64505649;GRUIFORMES;Gruidae
Grus grus;Grus grus;2018s;7;0,285;0,245;0,039;24,57919214;25,729422;0,658424477;0,665198723;-1,150229863;-0,006774246;bird;0;5499,99;13,4;S;0;0,911111111;0,644444444;WE;water;56,64505649;GRUIFORMES;Gruidae
Motacilla flava;Motacilla flava;2000s;7;0,624;0,617;0,007;9,464699434;9,366778551;0,715221477;0,709883875;0,097920883;0,005337602;bird;0;17,68;4,7;L;0;0,914285714;0,866666667;MM;other;60,2318803;PASSERIFORMES;Motacillidae
Motacilla flava;Motacilla flava;2006s;5;0,097;0,071;0,025;6552,402732;6729,918096;0,755907718;0,754636698;-177,5153635;0,001271021;bird;0;17,68;4,7;L;0;0,914285714;0,866666667;MM;other;60,2318803;PASSERIFORMES;Motacillidae
Motacilla flava;Motacilla flava;2012s;7;0,941;0,889;0,052;0,17834431;0,161583862;0,67885457;0,671997423;0,016760447;0,006857147;bird;0;17,68;4,7;L;0;0,914285714;0,866666667;MM;other;60,2318803;PASSERIFORMES;Motacillidae
Motacilla flava;Motacilla flava;2018s;7;0,417;0,383;0,034;13,95733335;14,56640967;0,72790272;0,72434884;-0,609076321;0,00355388;bird;0;17,68;4,7;L;0;0,914285714;0,866666667;MM;other;60,2318803;PASSERIFORMES;Motacillidae
Phylloscopus collybita;Phylloscopus collybita;2000s;4;0,044;0,042;0,001;27452,15479;27412,32695;0,74556837;0,737048324;39,82784682;0,008520047;bird;0;8,3;3,6;L;0;0,871428571;0,933333333;FO;mixedForest;54,40534436;PASSERIFORMES;Sylviidae
Phylloscopus collybita;Phylloscopus collybita;2006s;7;0,599;0,538;0,061;8,141236974;8,877829351;0,69945061;0,697693441;-0,736592378;0,001757169;bird;0;8,3;3,6;L;0;0,871428571;0,933333333;FO;mixedForest;54,40534436;PASSERIFORMES;Sylviidae
Phylloscopus collybita;Phylloscopus collybita;2012s;7;0,531;0,53;0;5,033779701;5,035846709;0,674473879;0,671567311;-0,002067009;0,002906568;bird;0;8,3;3,6;L;0;0,871428571;0,933333333;FO;mixedForest;54,40534436;PASSERIFORMES;Sylviidae
Phylloscopus collybita;Phylloscopus collybita;2018s;7;0,449;0,404;0,045;14,50419847;15,3740609;0,681014421;0,683680929;-0,86986243;-0,002666509;bird;0;8,3;3,6;L;0;0,871428571;0,933333333;FO;mixedForest;54,40534436;PASSERIFORMES;Sylviidae
Turdus pilaris;Turdus pilaris;2000s;7;0,588;0,585;0,004;17,90969739;17,8117436;0,789588792;0,79155474;0,097953784;-0,001965949;bird;0;106;5,3;S;0;0,903896104;0,933333333;FA;agric;55,72206231;PASSERIFORMES;Turdidae
Turdus pilaris;Turdus pilaris;2006s;7;0,307;0,266;0,041;50,6919177;53,2177582;0,787383369;0,78619405;-2,525840499;0,001189319;bird;0;106;5,3;S;0;0,903896104;0,933333333;FA;agric;55,72206231;PASSERIFORMES;Turdidae
Turdus pilaris;Turdus pilaris;2012s;7;0,32;0,316;0,004;35,85498757;36,0461433;0,710238577;0,709685984;-0,191155726;0,000552593;bird;0;106;5,3;S;0;0,903896104;0,933333333;FA;agric;55,72206231;PASSERIFORMES;Turdidae
Turdus pilaris;Turdus pilaris;2018s;7;0,287;0,277;0,01;91,10851595;90,06023215;0,750305916;0,747890935;1,048283805;0,002414981;bird;0;106;5,3;S;0;0,903896104;0,933333333;FA;agric;55,72206231;PASSERIFORMES;Turdidae
Anthus pratensis;Anthus pratensis;2000s;7;0,645;0,622;0,023;7,209803472;7,460157478;0,753688525;0,753350545;-0,250354007;0,00033798;bird;0;18,4;3,8;S;0;0,878195489;0,955555556;MM;other;59,47276289;PASSERIFORMES;Motacillidae
Anthus pratensis;Anthus pratensis;2006s;7;0,637;0,588;0,049;7,95891194;8,554555822;0,767162678;0,764669857;-0,595643882;0,002492822;bird;0;18,4;3,8;S;0;0,878195489;0,955555556;MM;other;59,47276289;PASSERIFORMES;Motacillidae
Anthus pratensis;Anthus pratensis;2012s;7;0,466;0,405;0,061;21,40635788;19,76526838;0,711581034;0,708701228;1,641089497;0,002879807;bird;0;18,4;3,8;S;0;0,878195489;0,955555556;MM;other;59,47276289;PASSERIFORMES;Motacillidae
Anthus pratensis;Anthus pratensis;2018s;7;0,568;0,306;0,261;16,04594907;23,20546513;0,758971731;0,758744406;-7,159516061;0,000227325;bird;0;18,4;3,8;S;0;0,878195489;0,955555556;MM;other;59,47276289;PASSERIFORMES;Motacillidae
Apus apus;Apus apus;2000s;6;0,949;0,934;0,015;2,834742422;2,757493627;0,775380274;0,777146561;0,077248795;-0,001766287;bird;0;37,6;11,2;L;1;0,894505495;1;HU;other;55,6033082;CAPRIMULGIFORMES;Apodidae
Apus apus;Apus apus;2006s;6;0,629;0,578;0,051;25,72333117;27,69547004;0,645569355;0,6582166;-1,972138879;-0,012647245;bird;0;37,6;11,2;L;1;0,894505495;1;HU;other;55,6033082;CAPRIMULGIFORMES;Apodidae
Apus apus;Apus apus;2012s;7;0,833;0,826;0,007;0,086309829;0,08739022;0,619192509;0,618964216;-0,001080391;0,000228292;bird;0;37,6;11,2;L;1;0,894505495;1;HU;other;55,6033082;CAPRIMULGIFORMES;Apodidae
Apus apus;Apus apus;2018s;7;0,465;0,446;0,019;1,931037937;1,980616999;0,700319698;0,701428941;-0,049579061;-0,001109243;bird;0;37,6;11,2;L;1;0,894505495;1;HU;other;55,6033082;CAPRIMULGIFORMES;Apodidae
Certhia familiaris;Certhia familiaris;2000s;6;0,337;0,331;0,006;63,73689346;64,21888829;0,692409785;0,698531913;-0,481994829;-0,006122128;bird;0;9;3,4;R;0;0,985714286;0,911111111;FO;mixedForest;55,63473455;PASSERIFORMES;Certhiidae
Certhia familiaris;Certhia familiaris;2006s;7;0,551;0,518;0,033;0,722278753;0,68991729;0,643789392;0,655170836;0,032361463;-0,011381443;bird;0;9;3,4;R;0;0,985714286;0,911111111;FO;mixedForest;55,63473455;PASSERIFORMES;Certhiidae
Certhia familiaris;Certhia familiaris;2012s;7;0,557;0,509;0,049;4,556439735;4,873547894;0,701823459;0,701608988;-0,317108159;0,000214471;bird;0;9;3,4;R;0;0,985714286;0,911111111;FO;mixedForest;55,63473455;PASSERIFORMES;Certhiidae
Certhia familiaris;Certhia familiaris;2018s;7;0,774;0,726;0,048;2,919496263;2,69991734;0,71425012;0,707671343;0,219578923;0,006578777;bird;0;9;3,4;R;0;0,985714286;0,911111111;FO;mixedForest;55,63473455;PASSERIFORMES;Certhiidae
Gallinago gallinago;Gallinago gallinago;2000s;7;0,567;0,563;0,004;15,60587636;15,51899421;0,724579004;0,726082917;0,086882146;-0,001503913;bird;0;112,94;4,8;S;0;0,857142857;0,933333333;WE;water;57,95238713;CHARADRIIFORMES;Scolopacidae
Gallinago gallinago;Gallinago gallinago;2006s;7;0,545;0,462;0,083;14,43834554;12,88016039;0,761312468;0,761308329;1,558185148;4,14E-06;bird;0;112,94;4,8;S;0;0,857142857;0,933333333;WE;water;57,95238713;CHARADRIIFORMES;Scolopacidae
Gallinago gallinago;Gallinago gallinago;2012s;7;0,687;0,679;0,009;4,627893315;4,567794673;0,725713072;0,721038954;0,060098642;0,004674118;bird;0;112,94;4,8;S;0;0,857142857;0,933333333;WE;water;57,95238713;CHARADRIIFORMES;Scolopacidae
Gallinago gallinago;Gallinago gallinago;2018s;7;0,478;0,352;0,126;12,68619762;14,98226255;0,737327741;0,734185307;-2,296064932;0,003142434;bird;0;112,94;4,8;S;0;0,857142857;0,933333333;WE;water;57,95238713;CHARADRIIFORMES;Scolopacidae
Muscicapa striata;Muscicapa striata;2000s;6;0,296;0,274;0,022;153,1207029;157,0964404;0,727638054;0,727131252;-3,975737496;0,000506801;bird;0;15,9;2,9;L;0;0,942857143;0,955555556;FO;mixedForest;56,36536582;PASSERIFORMES;Muscicapidae
Muscicapa striata;Muscicapa striata;2006s;7;0,355;0,315;0,04;12,18343348;11,60778484;0,677770281;0,667608627;0,575648638;0,010161654;bird;0;15,9;2,9;L;0;0,942857143;0,955555556;FO;mixedForest;56,36536582;PASSERIFORMES;Muscicapidae
Muscicapa striata;Muscicapa striata;2012s;7;0,355;0,327;0,028;9,682720202;10,01408983;0,65317074;0,648343179;-0,331369626;0,004827561;bird;0;15,9;2,9;L;0;0,942857143;0,955555556;FO;mixedForest;56,36536582;PASSERIFORMES;Muscicapidae
Muscicapa striata;Muscicapa striata;2018s;7;0,546;0,433;0,113;4,474542587;3,82814428;0,67122944;0,673320928;0,646398307;-0,002091488;bird;0;15,9;2,9;L;0;0,942857143;0,955555556;FO;mixedForest;56,36536582;PASSERIFORMES;Muscicapidae
Pluvialis apricaria;Pluvialis apricaria;2000s;5;0,084;0,067;0,018;16173,56299;16472,85703;0,780382529;0,789992985;-299,2940398;-0,009610456;bird;0;214;5,2;S;0;0,883116883;0,866666667;MM;other;60,88029986;CHARADRIIFORMES;Charadriidae
Pluvialis apricaria;Pluvialis apricaria;2006s;5;0,091;0,076;0,016;5967,542908;6066,248764;0,80167658;0,800313445;-98,70585607;0,001363136;bird;0;214;5,2;S;0;0,883116883;0,866666667;MM;other;60,88029986;CHARADRIIFORMES;Charadriidae
Pluvialis apricaria;Pluvialis apricaria;2012s;5;0,301;0,287;0,014;1151,044887;1170,101359;0,733941593;0,727452488;-19,05647211;0,006489105;bird;0;214;5,2;S;0;0,883116883;0,866666667;MM;other;60,88029986;CHARADRIIFORMES;Charadriidae
Pluvialis apricaria;Pluvialis apricaria;2018s;7;0,668;0,667;0,001;5,789751323;5,780669363;0,766122681;0,773044707;0,00908196;-0,006922026;bird;0;214;5,2;S;0;0,883116883;0,866666667;MM;other;60,88029986;CHARADRIIFORMES;Charadriidae
Parus cinctus;Poecile cinctus;2000s;5;0,097;0,054;0,043;27948,70825;26715,10339;0,849825351;0,851635335;1233,604854;-0,001809984;bird;0;11,4;4,4;R;0;0,978571429;0,888888889;CF;coniferous;60,67768812;PASSERIFORMES;Paridae
Parus cinctus;Poecile cinctus;2012s;3;0,051;0,047;0,004;51334,39531;51571,74459;0,628531942;0,642365286;-237,3492806;-0,013833344;bird;0;11,4;4,4;R;0;0,978571429;0,888888889;CF;coniferous;60,67768812;PASSERIFORMES;Paridae
Parus cinctus;Poecile cinctus;2018s;4;0,046;0,042;0,004;57496,54951;57707,34238;0,808264412;0,803607184;-210,7928691;0,004657228;bird;0;11,4;4,4;R;0;0,978571429;0,888888889;CF;coniferous;60,67768812;PASSERIFORMES;Paridae
Parus montanus;Poecile montanus;2000s;6;0,42;0,417;0,003;89,62317096;89,95224951;0,696152017;0,703094263;-0,329078557;-0,006942246;bird;0;11,1;4,6;R;1;0,9;0,866666667;FO;mixedForest;55,62707238;PASSERIFORMES;Paridae
Parus montanus;Poecile montanus;2006s;7;0,454;0,418;0,036;4,770477817;4,553382615;0,675700405;0,666232319;0,217095201;0,009468086;bird;0;11,1;4,6;R;1;0,9;0,866666667;FO;mixedForest;55,62707238;PASSERIFORMES;Paridae
Parus montanus;Poecile montanus;2012s;7;0,782;0,775;0,007;1,246550834;1,233146024;0,667596441;0,665851695;0,013404811;0,001744746;bird;0;11,1;4,6;R;1;0,9;0,866666667;FO;mixedForest;55,62707238;PASSERIFORMES;Paridae
Parus montanus;Poecile montanus;2018s;7;0,456;0,454;0,002;5,553646504;5,538474694;0,636207614;0,63740733;0,01517181;-0,001199715;bird;0;11,1;4,6;R;1;0,9;0,866666667;FO;mixedForest;55,62707238;PASSERIFORMES;Paridae
Regulus regulus;Regulus regulus;2000s;6;0,319;0,222;0,097;68,98656535;77,455785;0,635940032;0,641935824;-8,469219649;-0,005995792;bird;0;5,54;2,7;R;0;0,977142857;1;CF;coniferous;55,26072105;PASSERIFORMES;Reguliidae
Regulus regulus;Regulus regulus;2006s;7;0,638;0,623;0,014;1,192355921;1,217772324;0,632990431;0,637986298;-0,025416404;-0,004995867;bird;0;5,54;2,7;R;0;0,977142857;1;CF;coniferous;55,26072105;PASSERIFORMES;Reguliidae
Regulus regulus;Regulus regulus;2012s;7;0,625;0,544;0,081;4,269367267;4,802786525;0,693538452;0,703652645;-0,533419258;-0,010114193;bird;0;5,54;2,7;R;0;0,977142857;1;CF;coniferous;55,26072105;PASSERIFORMES;Reguliidae
Regulus regulus;Regulus regulus;2018s;7;0,698;0,664;0,034;3,081853378;2,926744997;0,682644566;0,674800813;0,155108382;0,007843753;bird;0;5,54;2,7;R;0;0,977142857;1;CF;coniferous;55,26072105;PASSERIFORMES;Reguliidae
Phylloscopus sibilatrix;Rhadina sibilatrix;2000s;7;0,447;0,394;0,053;9,721413688;9,085360042;0,736706902;0,73212709;0,636053646;0,004579812;bird;0;9,2;3,6;L;0;0,99047619;0,955555556;DF;deciduous;54,74318047;PASSERIFORMES;Sylviidae
Phylloscopus sibilatrix;Rhadina sibilatrix;2006s;7;0,482;0,456;0,026;8,959621796;9,266342863;0,696864306;0,698705196;-0,306721067;-0,00184089;bird;0;9,2;3,6;L;0;0,99047619;0,955555556;DF;deciduous;54,74318047;PASSERIFORMES;Sylviidae
Phylloscopus sibilatrix;Rhadina sibilatrix;2012s;7;0,269;0,253;0,016;51,15263921;52,0952845;0,707195113;0,710125785;-0,94264529;-0,002930672;bird;0;9,2;3,6;L;0;0,99047619;0,955555556;DF;deciduous;54,74318047;PASSERIFORMES;Sylviidae
Phylloscopus sibilatrix;Rhadina sibilatrix;2018s;7;0,41;0,403;0,007;22,36972066;22,56868003;0,718586662;0,718010748;-0,19895937;0,000575914;bird;0;9,2;3,6;L;0;0,99047619;0,955555556;DF;deciduous;54,74318047;PASSERIFORMES;Sylviidae
Emberiza schoeniclus;Schoeniclus schoeniclus;2000s;7;0,583;0,573;0,01;15,35187477;15,57784165;0,684753774;0,683274947;-0,225966885;0,001478827;bird;0;18,4;3,6;S;1;0,9;0,844444444;WE;water;58,66789046;PASSERIFORMES;Emberizidae
Emberiza schoeniclus;Schoeniclus schoeniclus;2006s;7;0,38;0,312;0,068;39,94656198;36,7407524;0,749692313;0,752452115;3,205809576;-0,002759802;bird;0;18,4;3,6;S;1;0,9;0,844444444;WE;water;58,66789046;PASSERIFORMES;Emberizidae
Emberiza schoeniclus;Schoeniclus schoeniclus;2012s;7;0,471;0,426;0,045;55,72424102;52,51303364;0,755936269;0,74863661;3,211207381;0,007299659;bird;0;18,4;3,6;S;1;0,9;0,844444444;WE;water;58,66789046;PASSERIFORMES;Emberizidae
Emberiza schoeniclus;Schoeniclus schoeniclus;2018s;7;0,277;0,232;0,046;107,4208921;101,8608643;0,746224321;0,759217196;5,560027753;-0,012992875;bird;0;18,4;3,6;S;1;0,9;0,844444444;WE;water;58,66789046;PASSERIFORMES;Emberizidae
Tringa erythropus;Tringa erythropus;2000s;5;0,063;0,058;0,005;15072,95867;15000,01184;0,76642483;0,761629789;72,94682603;0,004795041;bird;0;158;5,6;L;0;0,757142857;0,933333333;MM;other;62,14533008;CHARADRIIFORMES;Scolopacidae
Tringa erythropus;Tringa erythropus;2006s;5;0,071;0,068;0,004;16927,269;16990,29905;0,804528114;0,793112973;-63,03005416;0,011415141;bird;0;158;5,6;L;0;0,757142857;0,933333333;MM;other;62,14533008;CHARADRIIFORMES;Scolopacidae
Tringa erythropus;Tringa erythropus;2018s;5;0,132;0,054;0,078;13536,54007;14718,17033;0,841122956;0,842196925;-1181,630257;-0,001073969;bird;0;158;5,6;L;0;0,757142857;0,933333333;MM;other;62,14533008;CHARADRIIFORMES;Scolopacidae
Tringa nebularia;Tringa nebularia;2000s;7;0,602;0,599;0,004;17,0818432;16,99348346;0,743004618;0,748250252;0,088359741;-0,005245634;bird;0;187;6,3;L;0;0,8;0,933333333;MM;other;59,05746153;CHARADRIIFORMES;Scolopacidae
Tringa nebularia;Tringa nebularia;2006s;7;0,999;0,943;0,056;0,002310256;0,002065585;0,694915427;0,689620236;0,000244671;0,005295191;bird;0;187;6,3;L;0;0,8;0,933333333;MM;other;59,05746153;CHARADRIIFORMES;Scolopacidae
Tringa nebularia;Tringa nebularia;2012s;6;0,716;0,667;0,049;7,055395875;6,533714528;0,653255117;0,63625627;0,521681347;0,016998847;bird;0;187;6,3;L;0;0,8;0,933333333;MM;other;59,05746153;CHARADRIIFORMES;Scolopacidae
Tringa nebularia;Tringa nebularia;2018s;7;0,719;0,661;0,057;0,581049878;0,635554729;0,700701495;0,698431902;-0,054504851;0,002269593;bird;0;187;6,3;L;0;0,8;0,933333333;MM;other;59,05746153;CHARADRIIFORMES;Scolopacidae
Troglodytes troglodytes;Troglodytes troglodytes;2000s;6;0,995;0,988;0,007;0,096102175;0,094801525;0,677188325;0,669381489;0,001300649;0,007806836;bird;0;9,74;3,5;S;0;0,942857143;0,777777778;FO;mixedForest;54,7503114;PASSERIFORMES;Troglodytidae
Troglodytes troglodytes;Troglodytes troglodytes;2006s;6;0,383;0,362;0,02;41,35698621;42,41124165;0,65002959;0,655774119;-1,054255434;-0,005744528;bird;0;9,74;3,5;S;0;0,942857143;0,777777778;FO;mixedForest;54,7503114;PASSERIFORMES;Troglodytidae
Troglodytes troglodytes;Troglodytes troglodytes;2012s;7;0,512;0,493;0,019;9,326770737;9,573101401;0,719212774;0,719759436;-0,246330664;-0,000546662;bird;0;9,74;3,5;S;0;0,942857143;0,777777778;FO;mixedForest;54,7503114;PASSERIFORMES;Troglodytidae
Troglodytes troglodytes;Troglodytes troglodytes;2018s;7;0,443;0,42;0,023;22,72844293;22,06625679;0,741567662;0,742879184;0,662186134;-0,001311522;bird;0;9,74;3,5;S;0;0,942857143;0,777777778;FO;mixedForest;54,7503114;PASSERIFORMES;Troglodytidae
Corvus corax;Corvus corax;2000s;6;0,996;0,994;0,002;0,122049647;0,122579114;0,744568084;0,743613861;-0,000529466;0,000954224;bird;0;927,97;7,9;R;0;0,978571429;0,355555556;FO;mixedForest;56,94486242;PASSERIFORMES;Corvidae
Corvus corax;Corvus corax;2006s;7;0,999;0,973;0,026;0,004615309;0,004862519;0,7922938;0,795107931;-0,000247211;-0,00281413;bird;0;927,97;7,9;R;0;0,978571429;0,355555556;FO;mixedForest;56,94486242;PASSERIFORMES;Corvidae
Corvus corax;Corvus corax;2012s;7;0,524;0,469;0,055;9,612052819;8,923762104;0,697660174;0,691071025;0,688290715;0,006589149;bird;0;927,97;7,9;R;0;0,978571429;0,355555556;FO;mixedForest;56,94486242;PASSERIFORMES;Corvidae
Corvus corax;Corvus corax;2018s;7;0,44;0,398;0,042;15,89927024;15,0696994;0,729901403;0,728195895;0,82957084;0,001705508;bird;0;927,97;7,9;R;0;0,978571429;0,355555556;FO;mixedForest;56,94486242;PASSERIFORMES;Corvidae
Dendrocopos major;Dendrocopos major;2000s;6;0,996;0,968;0,028;0,014210292;0,013449062;0,655490754;0,645047711;0,00076123;0,010443043;bird;0;74,94;5,2;R;0;0,952380952;0,822222222;FO;mixedForest;55,65936146;PICIFORMES;Picidae
Dendrocopos major;Dendrocopos major;2006s;7;0,546;0,542;0,004;3,187200351;3,205066319;0,644497388;0,644324311;-0,017865968;0,000173076;bird;0;74,94;5,2;R;0;0,952380952;0,822222222;FO;mixedForest;55,65936146;PICIFORMES;Picidae
Dendrocopos major;Dendrocopos major;2012s;7;0,646;0,617;0,029;2,085877089;2,176119556;0,633054524;0,638412872;-0,090242466;-0,005358347;bird;0;74,94;5,2;R;0;0,952380952;0,822222222;FO;mixedForest;55,65936146;PICIFORMES;Picidae
Dendrocopos major;Dendrocopos major;2018s;7;0,537;0,535;0,002;5,842399083;5,860538602;0,686491209;0,691727213;-0,018139519;-0,005236004;bird;0;74,94;5,2;R;0;0,952380952;0,822222222;FO;mixedForest;55,65936146;PICIFORMES;Picidae
Loxia leucoptera;Loxia leucoptera;2012s;4;0,046;0,045;0,001;36639,14645;36592,57531;0,740932775;0,75185218;46,57114474;-0,010919405;bird;0;28,69;3,4;R;0;0,985714286;0,711111111;CF;coniferous;60,81244975;PASSERIFORMES;Fringillidae
Loxia leucoptera;Loxia leucoptera;2018s;5;0,102;0,089;0,013;3918,472689;3863,672593;0,678138854;0,675986392;54,80009511;0,002152462;bird;0;28,69;3,4;R;0;0,985714286;0,711111111;CF;coniferous;60,81244975;PASSERIFORMES;Fringillidae
Tetrao tetrix;Lyrurus tetrix;2000s;7;0,491;0,485;0,006;8,228881968;8,291226229;0,69151297;0,694133066;-0,062344261;-0,002620096;bird;0;1068,66;6,4;R;0;0,935064935;0,866666667;FO;mixedForest;56,41428857;GALLIFORMES;Phasianidae
Tetrao tetrix;Lyrurus tetrix;2006s;7;0,435;0,409;0,026;11,11855449;10,75306697;0,684949725;0,682100039;0,365487515;0,002849686;bird;0;1068,66;6,4;R;0;0,935064935;0,866666667;FO;mixedForest;56,41428857;GALLIFORMES;Phasianidae
Tetrao tetrix;Lyrurus tetrix;2012s;7;0,686;0,666;0,02;0,703559341;0,682268114;0,650186116;0,650207452;0,021291227;-2,13E-05;bird;0;1068,66;6,4;R;0;0,935064935;0,866666667;FO;mixedForest;56,41428857;GALLIFORMES;Phasianidae
Tetrao tetrix;Lyrurus tetrix;2018s;7;0,816;0,802;0,015;0,475635741;0,487638719;0,665267348;0,668606204;-0,012002978;-0,003338856;bird;0;1068,66;6,4;R;0;0,935064935;0,866666667;FO;mixedForest;56,41428857;GALLIFORMES;Phasianidae
Parus major;Parus major;2000s;7;0,687;0,682;0,006;2,21224682;2,231165712;0,717915631;0,718037468;-0,018918891;-0,000121837;bird;0;16,25;4,3;R;0;0,911111111;0,711111111;DF;deciduous;55,95358639;PASSERIFORMES;Paridae
Parus major;Parus major;2006s;7;0,382;0,368;0,014;8,036864627;7,900988981;0,659622351;0,666531914;0,135875646;-0,006909563;bird;0;16,25;4,3;R;0;0,911111111;0,711111111;DF;deciduous;55,95358639;PASSERIFORMES;Paridae
Parus major;Parus major;2012s;7;0,585;0,575;0,009;2,705731418;2,670065707;0,675230567;0,674427606;0,035665711;0,000802961;bird;0;16,25;4,3;R;0;0,911111111;0,711111111;DF;deciduous;55,95358639;PASSERIFORMES;Paridae
Parus major;Parus major;2018s;7;0,487;0,408;0,079;5,836710861;6,479479752;0,677761417;0,679444802;-0,642768891;-0,001683385;bird;0;16,25;4,3;R;0;0,911111111;0,711111111;DF;deciduous;55,95358639;PASSERIFORMES;Paridae
Perisoreus infaustus;Perisoreus infaustus;2012s;4;0,056;0,045;0,011;19951,44153;20181,65945;0,675931112;0,681983996;-230,2179248;-0,006052884;bird;0;84,4;7,1;R;0;0,99047619;0,688888889;CF;coniferous;61,18340414;PASSERIFORMES;Corvidae
Perisoreus infaustus;Perisoreus infaustus;2018s;4;0,051;0,047;0,005;31816,19973;31966,63097;0,716118901;0,7340964;-150,4312444;-0,017977499;bird;0;84,4;7,1;R;0;0,99047619;0,688888889;CF;coniferous;61,18340414;PASSERIFORMES;Corvidae
Picoides tridactylus;Picoides tridactylus;2006s;5;0,721;0,719;0,003;190,6859134;189,9247276;0,706817793;0,721189266;0,76118581;-0,014371473;bird;0;65,49;4,8;R;0;0,99047619;0,955555556;CF;coniferous;61,38595911;PICIFORMES;Picidae
Picoides tridactylus;Picoides tridactylus;2012s;4;0,051;0,046;0,005;11601,5437;11666,16051;0,637017368;0,617156961;-64,61681492;0,019860407;bird;0;65,49;4,8;R;0;0,99047619;0,955555556;CF;coniferous;61,38595911;PICIFORMES;Picidae
Picoides tridactylus;Picoides tridactylus;2018s;5;0,177;0,172;0,005;1189,734925;1196,107211;0,680244954;0,673039628;-6,372285917;0,007205326;bird;0;65,49;4,8;R;0;0,99047619;0,955555556;CF;coniferous;61,38595911;PICIFORMES;Picidae
Tetrao urogallus;Tetrao urogallus;2006s;7;0,998;0,959;0,039;0,000756469;0,000699338;0,693606852;0,691068281;5,71E-05;0,002538571;bird;0;2716,61;6,4;R;0;0,985714286;0,977777778;CF;coniferous;57,30012744;GALLIFORMES;Phasianidae
Tetrao urogallus;Tetrao urogallus;2012s;5;0,549;0,543;0,005;135,1485417;136,168113;0,66660107;0,670963484;-1,019571266;-0,004362415;bird;0;2716,61;6,4;R;0;0,985714286;0,977777778;CF;coniferous;57,30012744;GALLIFORMES;Phasianidae
Tetrao urogallus;Tetrao urogallus;2018s;6;0,564;0,562;0,003;21,94711658;21,8610193;0,680938899;0,679939925;0,086097286;0,000998974;bird;0;2716,61;6,4;R;0;0,985714286;0,977777778;CF;coniferous;57,30012744;GALLIFORMES;Phasianidae
Bonasa bonasia;Tetrastes bonasia;2000s;6;0,625;0,616;0,009;18,83286737;19,07393013;0,634804724;0,634061525;-0,24106276;0,000743198;bird;0;429;4,4;R;1;0,99047619;0,911111111;CF;coniferous;55,47628576;GALLIFORMES;Phasianidae
Bonasa bonasia;Tetrastes bonasia;2006s;7;0,997;0,986;0,011;0,000397368;0,000406542;0,639061435;0,639279977;-9,17E-06;-0,000218541;bird;0;429;4,4;R;1;0,99047619;0,911111111;CF;coniferous;55,47628576;GALLIFORMES;Phasianidae
Bonasa bonasia;Tetrastes bonasia;2012s;7;0,719;0,702;0,016;1,496802014;1,535641614;0,681258721;0,682455018;-0,0388396;-0,001196297;bird;0;429;4,4;R;1;0,99047619;0,911111111;CF;coniferous;55,47628576;GALLIFORMES;Phasianidae
Bonasa bonasia;Tetrastes bonasia;2018s;6;0,829;0,823;0,006;10,04403389;10,1462914;0,743304374;0,741516684;-0,102257515;0,001787691;bird;0;429;4,4;R;1;0,99047619;0,911111111;CF;coniferous;55,47628576;GALLIFORMES;Phasianidae
Loxia pytyopsittacus;Loxia pytyopsittacus;2006s;6;0,997;0,995;0,002;0,156195945;0,155684164;0,721406677;0,71763584;0,000511781;0,003770836;bird;0;53;3,4;R;0;0,99047619;0,888888889;CF;coniferous;57,80915827;PASSERIFORMES;Fringillidae
Loxia pytyopsittacus;Loxia pytyopsittacus;2012s;5;0,196;0,175;0,021;552,3308057;539,7358846;0,594254662;0,58536957;12,59492107;0,008885092;bird;0;53;3,4;R;0;0,99047619;0,888888889;CF;coniferous;57,80915827;PASSERIFORMES;Fringillidae
Loxia pytyopsittacus;Loxia pytyopsittacus;2018s;7;0,761;0,752;0,01;0,307368682;0,302645121;0,648896341;0,648104107;0,004723561;0,000792233;bird;0;53;3,4;R;0;0,99047619;0,888888889;CF;coniferous;57,80915827;PASSERIFORMES;Fringillidae
Dryocopus martius;Dryocopus martius;2000s;5;0,992;0,991;0,001;1,785467026;1,788662981;0,661546843;0,656390575;-0,003195954;0,005156268;bird;0;321;5,8;R;0;0,985714286;1;FO;mixedForest;55,43975513;PICIFORMES;Picidae
Dryocopus martius;Dryocopus martius;2006s;7;0,998;0,983;0,015;0,000384953;0,00037368;0,658570471;0,656569388;1,13E-05;0,002001083;bird;0;321;5,8;R;0;0,985714286;1;FO;mixedForest;55,43975513;PICIFORMES;Picidae
Dryocopus martius;Dryocopus martius;2012s;7;0,722;0,719;0,003;0,819631028;0,81593298;0,667726726;0,666701425;0,003698048;0,001025301;bird;0;321;5,8;R;0;0,985714286;1;FO;mixedForest;55,43975513;PICIFORMES;Picidae
Dryocopus martius;Dryocopus martius;2018s;7;0,378;0,317;0,061;17,69441964;19,07547183;0,637426928;0,638855571;-1,381052195;-0,001428643;bird;0;321;5,8;R;0;0,985714286;1;FO;mixedForest;55,43975513;PICIFORMES;Picidae
Saxicola rubetra;Saxicola rubetra;2000s;7;0,488;0,485;0,003;10,69550791;10,73429672;0,700748672;0,706639961;-0,038788814;-0,00589129;bird;0;16,6;3,3;L;1;0,885714286;0,911111111;FA;agric;56,01173335;PASSERIFORMES;Muscicapidae
Saxicola rubetra;Saxicola rubetra;2006s;6;0,199;0,144;0,055;348,779466;370,5926103;0,659209988;0,658575672;-21,81314425;0,000634316;bird;0;16,6;3,3;L;1;0,885714286;0,911111111;FA;agric;56,01173335;PASSERIFORMES;Muscicapidae
Saxicola rubetra;Saxicola rubetra;2012s;7;0,47;0,453;0,017;10,05423719;9,833650087;0,644487164;0,638561963;0,220587108;0,005925201;bird;0;16,6;3,3;L;1;0,885714286;0,911111111;FA;agric;56,01173335;PASSERIFORMES;Muscicapidae
Saxicola rubetra;Saxicola rubetra;2018s;7;0,59;0,571;0,02;5,773051577;5,937550843;0,70808223;0,715388473;-0,164499265;-0,007306242;bird;0;16,6;3,3;L;1;0,885714286;0,911111111;FA;agric;56,01173335;PASSERIFORMES;Muscicapidae
Acrocephalus schoenobaenus;Acrocephalus schoenobaenus;2000s;7;0,442;0,434;0,009;30,93085254;31,271341;0,662146874;0,669583022;-0,340488458;-0,007436148;bird;0;11,83;4,4;L;0;0,942857143;0,866666667;WE;water;56,20167746;PASSERIFORMES;Sylviidae
Acrocephalus schoenobaenus;Acrocephalus schoenobaenus;2006s;7;0,226;0,201;0,026;160,4856539;155,9357147;0,648859322;0,648179874;4,549939272;0,000679448;bird;0;11,83;4,4;L;0;0,942857143;0,866666667;WE;water;56,20167746;PASSERIFORMES;Sylviidae
Acrocephalus schoenobaenus;Acrocephalus schoenobaenus;2012s;7;0,229;0,209;0,021;497,8874898;509,7114724;0,823802607;0,823993849;-11,82398254;-0,000191242;bird;0;11,83;4,4;L;0;0,942857143;0,866666667;WE;water;56,20167746;PASSERIFORMES;Sylviidae
Acrocephalus schoenobaenus;Acrocephalus schoenobaenus;2018s;7;0,366;0,345;0,021;115,2293792;118,2881925;0,786455066;0,776696287;-3,058813375;0,009758779;bird;0;11,83;4,4;L;0;0,942857143;0,866666667;WE;water;56,20167746;PASSERIFORMES;Sylviidae
Actitis hypoleucos;Actitis hypoleucos;2000s;6;0,171;0,149;0,022;1674,773609;1635,657282;0,783354923;0,781148565;39,11632724;0,002206358;bird;0;48;6,8;L;0;0,826666667;0,8;OL;water;58,10806868;CHARADRIIFORMES;Scolopacidae
Actitis hypoleucos;Actitis hypoleucos;2006s;7;0,883;0,87;0,013;1,475681665;1,510607513;0,828861761;0,836356716;-0,034925848;-0,007494955;bird;0;48;6,8;L;0;0,826666667;0,8;OL;water;58,10806868;CHARADRIIFORMES;Scolopacidae
Actitis hypoleucos;Actitis hypoleucos;2012s;7;0,639;0,634;0,005;14,52585498;14,63204619;0,807132572;0,806158031;-0,106191215;0,000974542;bird;0;48;6,8;L;0;0,826666667;0,8;OL;water;58,10806868;CHARADRIIFORMES;Scolopacidae
Actitis hypoleucos;Actitis hypoleucos;2018s;7;0,419;0,395;0,024;33,51920367;32,5147547;0,853374866;0,852198468;1,004448973;0,001176398;bird;0;48;6,8;L;0;0,826666667;0,8;OL;water;58,10806868;CHARADRIIFORMES;Scolopacidae
Alauda arvensis;Alauda arvensis;2000s;6;0,161;0,16;0,001;155,5830136;155,7769286;0,515964639;0,517360661;-0,193914977;-0,001396023;bird;0;37,31;4,3;S;0;0,854945055;0,822222222;FA;agric;53,95315573;PASSERIFORMES;Alaudidae
Alauda arvensis;Alauda arvensis;2006s;7;0,302;0,272;0,03;40,82773803;42,27283039;0,667128121;0,661106647;-1,445092363;0,006021474;bird;0;37,31;4,3;S;0;0,854945055;0,822222222;FA;agric;53,95315573;PASSERIFORMES;Alaudidae
Alauda arvensis;Alauda arvensis;2012s;6;0,15;0,116;0,034;999,9633023;1037,418087;0,652215463;0,656727038;-37,4547847;-0,004511575;bird;0;37,31;4,3;S;0;0,854945055;0,822222222;FA;agric;53,95315573;PASSERIFORMES;Alaudidae
Alauda arvensis;Alauda arvensis;2018s;7;0,37;0,326;0,045;97,95595341;103,4837746;0,712732138;0,718921267;-5,527821224;-0,006189129;bird;0;37,31;4,3;S;0;0,854945055;0,822222222;FA;agric;53,95315573;PASSERIFORMES;Alaudidae
Carduelis chloris;Chloris chloris;2000s;7;0,66;0,657;0,003;2,964890571;2,976093701;0,714650149;0,720132947;-0,01120313;-0,005482799;bird;0;26;4,2;R;1;0,928571429;1;HU;other;54,15548404;PASSERIFORMES;Fringillidae
Carduelis chloris;Chloris chloris;2006s;7;0,368;0,362;0,006;88,59639066;87,99664319;0,774367762;0,774634885;0,599747463;-0,000267124;bird;0;26;4,2;R;1;0,928571429;1;HU;other;54,15548404;PASSERIFORMES;Fringillidae
Carduelis chloris;Chloris chloris;2012s;6;0,411;0,384;0,028;141,4531436;146,4667091;0,806956447;0,799141589;-5,013565441;0,007814857;bird;0;26;4,2;R;1;0,928571429;1;HU;other;54,15548404;PASSERIFORMES;Fringillidae
Carduelis chloris;Chloris chloris;2018s;7;0,381;0,356;0,026;158,2393814;163,3090039;0,826474435;0,826803013;-5,069622499;-0,000328578;bird;0;26;4,2;R;1;0,928571429;1;HU;other;54,15548404;PASSERIFORMES;Fringillidae
Columba palumbus;Columba palumbus;2000s;7;0,647;0,606;0,041;1,640581415;1,743692722;0,669026712;0,673010105;-0,103111306;-0,003983393;bird;0;490;5,7;S;0;0,885714286;0,8;FO;mixedForest;54,66291761;COLUMBIFORMES;Columbidae
Columba palumbus;Columba palumbus;2006s;7;0,582;0,528;0,054;4,381328693;4,061206857;0,701957596;0,694057388;0,320121836;0,007900208;bird;0;490;5,7;S;0;0,885714286;0,8;FO;mixedForest;54,66291761;COLUMBIFORMES;Columbidae
Columba palumbus;Columba palumbus;2012s;7;0,544;0,532;0,012;9,774282134;9,610762314;0,69876219;0,708256669;0,16351982;-0,009494479;bird;0;490;5,7;S;0;0,885714286;0,8;FO;mixedForest;54,66291761;COLUMBIFORMES;Columbidae
Columba palumbus;Columba palumbus;2018s;7;0,566;0,541;0,026;14,46243906;13,95474756;0,706632433;0,70573124;0,507691496;0,000901193;bird;0;490;5,7;S;0;0,885714286;0,8;FO;mixedForest;54,66291761;COLUMBIFORMES;Columbidae
Sylvia curruca;Curruca curruca;2000s;7;0,859;0,839;0,021;0,388913028;0,375046582;0,672157987;0,679574598;0,013866446;-0,007416612;bird;0;11,44;4;L;0;0,914285714;0,844444444;FO;mixedForest;54,45659437;PASSERIFORMES;Sylviidae
Sylvia curruca;Curruca curruca;2006s;7;0,511;0,491;0,02;6,416628619;6,2439557;0,697655525;0,704176609;0,17267292;-0,006521084;bird;0;11,44;4;L;0;0,914285714;0,844444444;FO;mixedForest;54,45659437;PASSERIFORMES;Sylviidae
Sylvia curruca;Curruca curruca;2012s;7;0,709;0,699;0,009;2,802990479;2,843010468;0,705075747;0,706046217;-0,04001999;-0,000970469;bird;0;11,44;4;L;0;0,914285714;0,844444444;FO;mixedForest;54,45659437;PASSERIFORMES;Sylviidae
Sylvia curruca;Curruca curruca;2018s;7;0,575;0,563;0,012;9,201265671;9,045772622;0,750343656;0,743052324;0,15549305;0,007291332;bird;0;11,44;4;L;0;0,914285714;0,844444444;FO;mixedForest;54,45659437;PASSERIFORMES;Sylviidae
Parus caeruleus;Cyanistes caeruleus;2000s;7;0,835;0,83;0,005;1,187932551;1,198365723;0,716613834;0,724249841;-0,010433173;-0,007636008;bird;0;13,3;4,4;R;0;0,93877551;0,8;DF;deciduous;54,21446509;PASSERIFORMES;Paridae
Parus caeruleus;Cyanistes caeruleus;2006s;7;0,305;0,301;0,004;96,72997706;96,25238287;0,749769968;0,748613795;0,477594185;0,001156173;bird;0;13,3;4,4;R;0;0,93877551;0,8;DF;deciduous;54,21446509;PASSERIFORMES;Paridae
Parus caeruleus;Cyanistes caeruleus;2012s;7;0,507;0,496;0,011;7,829733978;7,94617333;0,718060557;0,730039919;-0,116439352;-0,011979362;bird;0;13,3;4,4;R;0;0,93877551;0,8;DF;deciduous;54,21446509;PASSERIFORMES;Paridae
Parus caeruleus;Cyanistes caeruleus;2018s;7;0,753;0,749;0,004;6,143733924;6,179909963;0,745374599;0,743991266;-0,03617604;0,001383333;bird;0;13,3;4,4;R;0;0,93877551;0,8;DF;deciduous;54,21446509;PASSERIFORMES;Paridae
Carpodacus erythrinus;Erythrina erythrina;2000s;7;0,823;0,808;0,015;0,723546218;0,741842566;0,705483037;0,705302896;-0,018296348;0,000180141;bird;0;23,97;4,1;L;0;0,914285714;0,688888889;WE;water;54,24679009;PASSERIFORMES;Fringillidae
Carpodacus erythrinus;Erythrina erythrina;2006s;7;0,441;0,384;0,057;14,16601942;15,23526076;0,623071881;0,616816213;-1,06924134;0,006255667;bird;0;23,97;4,1;L;0;0,914285714;0,688888889;WE;water;54,24679009;PASSERIFORMES;Fringillidae
Carpodacus erythrinus;Erythrina erythrina;2012s;7;0,779;0,769;0,01;7,733594076;7,858162993;0,749306473;0,75399733;-0,124568917;-0,004690857;bird;0;23,97;4,1;L;0;0,914285714;0,688888889;WE;water;54,24679009;PASSERIFORMES;Fringillidae
Carpodacus erythrinus;Erythrina erythrina;2018s;7;0,799;0,784;0,014;29,31458605;28,620519;0,816267451;0,829676602;0,694067049;-0,013409151;bird;0;23,97;4,1;L;0;0,914285714;0,688888889;WE;water;54,24679009;PASSERIFORMES;Fringillidae
Hirundo rustica;Hirundo rustica;2000s;7;0,564;0,561;0,003;10,95897205;10,91000787;0,845549068;0,84482015;0,048964179;0,000728918;bird;0;17,91;3,9;L;1;0,871428571;0,933333333;FA;agric;54,46451797;PASSERIFORMES;Hirundinidae
Hirundo rustica;Hirundo rustica;2006s;7;0,451;0,416;0,035;12,45900454;11,90421383;0,71164681;0,718143156;0,55479071;-0,006496346;bird;0;17,91;3,9;L;1;0,871428571;0,933333333;FA;agric;54,46451797;PASSERIFORMES;Hirundinidae
Hirundo rustica;Hirundo rustica;2012s;7;0,719;0,698;0,021;3,841910357;3,717210187;0,663433162;0,664076785;0,12470017;-0,000643623;bird;0;17,91;3,9;L;1;0,871428571;0,933333333;FA;agric;54,46451797;PASSERIFORMES;Hirundinidae
Hirundo rustica;Hirundo rustica;2018s;7;0,518;0,512;0,005;13,2245233;13,31485026;0,72161736;0,727700048;-0,090326963;-0,006082688;bird;0;17,91;3,9;L;1;0,871428571;0,933333333;FA;agric;54,46451797;PASSERIFORMES;Hirundinidae
Numenius arquata;Numenius arquata;2000s;7;0,428;0,413;0,015;4,244362034;4,323887403;0,525219327;0,520224527;-0,079525368;0,0049948;bird;0;802,99;10,4;S;0;0,835714286;0,8;FA;agric;55,75825115;CHARADRIIFORMES;Scolopacidae
Numenius arquata;Numenius arquata;2006s;7;0,438;0,393;0,045;8,126597747;8,613422063;0,6459621;0,650228006;-0,486824316;-0,004265906;bird;0;802,99;10,4;S;0;0,835714286;0,8;FA;agric;55,75825115;CHARADRIIFORMES;Scolopacidae
Numenius arquata;Numenius arquata;2012s;7;0,772;0,772;0;0,801350861;0,801479035;0,654451244;0,65042234;-0,000128174;0,004028904;bird;0;802,99;10,4;S;0;0,835714286;0,8;FA;agric;55,75825115;CHARADRIIFORMES;Scolopacidae
Numenius arquata;Numenius arquata;2018s;7;0,43;0,413;0,016;24,36258262;24,87177305;0,698104452;0,692328132;-0,509190424;0,00577632;bird;0;802,99;10,4;S;0;0,835714286;0,8;FA;agric;55,75825115;CHARADRIIFORMES;Scolopacidae
Pica pica;Pica pica;2000s;7;0,343;0,34;0,003;48,60772695;48,7990868;0,763735944;0,758237013;-0,191359845;0,005498931;bird;0;217,48;7,1;R;0;0,885714286;0,533333333;HU;other;53,8347117;PASSERIFORMES;Corvidae
Pica pica;Pica pica;2006s;7;0,261;0,251;0,01;79,00951227;78,10531372;0,639309046;0,639081403;0,904198559;0,000227643;bird;0;217,48;7,1;R;0;0,885714286;0,533333333;HU;other;53,8347117;PASSERIFORMES;Corvidae
Pica pica;Pica pica;2012s;7;0,547;0,524;0,023;111,223202;114,839869;0,79235748;0,795337549;-3,616666994;-0,002980069;bird;0;217,48;7,1;R;0;0,885714286;0,533333333;HU;other;53,8347117;PASSERIFORMES;Corvidae
Pica pica;Pica pica;2018s;7;0,304;0,302;0,002;231,3090744;230,873172;0,769818784;0,765328563;0,435902432;0,004490221;bird;0;217,48;7,1;R;0;0,885714286;0,533333333;HU;other;53,8347117;PASSERIFORMES;Corvidae
Sylvia borin;Sylvia borin;2000s;7;0,467;0,444;0,023;7,977034153;8,220858615;0,66456522;0,659957942;-0,243824462;0,004607278;bird;0;18,2;4;L;0;0,955102041;0,866666667;DF;deciduous;54,41668945;PASSERIFORMES;Sylviidae
Sylvia borin;Sylvia borin;2006s;7;0,311;0,269;0,042;62,67998129;65,89307798;0,708412337;0,70797276;-3,213096686;0,000439577;bird;0;18,2;4;L;0;0,955102041;0,866666667;DF;deciduous;54,41668945;PASSERIFORMES;Sylviidae
Sylvia borin;Sylvia borin;2012s;7;0,601;0,558;0,043;6,243645042;6,640088295;0,729706028;0,716235603;-0,396443253;0,013470425;bird;0;18,2;4;L;0;0,955102041;0,866666667;DF;deciduous;54,41668945;PASSERIFORMES;Sylviidae
Sylvia borin;Sylvia borin;2018s;7;0,625;0,609;0,016;7,577009472;7,756780119;0,714958805;0,716842914;-0,179770646;-0,001884108;bird;0;18,2;4;L;0;0,955102041;0,866666667;DF;deciduous;54,41668945;PASSERIFORMES;Sylviidae
Turdus merula;Turdus merula;2000s;7;0,799;0,73;0,069;1,058476484;0,942997942;0,749290082;0,74935027;0,115478542;-6,02E-05;bird;0;102,73;5,2;S;0;0,897142857;0,8;FO;mixedForest;54,39974231;PASSERIFORMES;Turdidae
Turdus merula;Turdus merula;2006s;7;0,358;0,332;0,026;21,50098437;22,18735216;0,715977267;0,719255042;-0,68636779;-0,003277775;bird;0;102,73;5,2;S;0;0,897142857;0,8;FO;mixedForest;54,39974231;PASSERIFORMES;Turdidae
Turdus merula;Turdus merula;2012s;7;0,511;0,482;0,028;13,42799326;12,92624415;0,737307364;0,734173163;0,501749112;0,003134201;bird;0;102,73;5,2;S;0;0,897142857;0,8;FO;mixedForest;54,39974231;PASSERIFORMES;Turdidae
Turdus merula;Turdus merula;2018s;7;0,543;0,514;0,029;14,7866167;15,38360494;0,74614365;0,740039493;-0,59698824;0,006104156;bird;0;102,73;5,2;S;0;0,897142857;0,8;FO;mixedForest;54,39974231;PASSERIFORMES;Turdidae
Vanellus vanellus;Vanellus vanellus;2000s;6;0,201;0,154;0,047;190,7114481;181,0385329;0,62453457;0,621144601;9,672915117;0,003389969;bird;0;218,37;9;S;0;0,928571429;1;FA;agric;54,52080169;CHARADRIIFORMES;Charadriidae
Vanellus vanellus;Vanellus vanellus;2006s;7;0,416;0,412;0,004;3,870224887;3,887531869;0,591966272;0,592163793;-0,017306982;-0,000197521;bird;0;218,37;9;S;0;0,928571429;1;FA;agric;54,52080169;CHARADRIIFORMES;Charadriidae
Vanellus vanellus;Vanellus vanellus;2012s;5;0,356;0,34;0,016;371,6197766;364,4806996;0,657565918;0,654857522;7,139077024;0,002708396;bird;0;218,37;9;S;0;0,928571429;1;FA;agric;54,52080169;CHARADRIIFORMES;Charadriidae
Vanellus vanellus;Vanellus vanellus;2018s;7;0,69;0,645;0,045;15,0170658;14,02334201;0,749508057;0,744657684;0,993723793;0,004850374;bird;0;218,37;9;S;0;0,928571429;1;FA;agric;54,52080169;CHARADRIIFORMES;Charadriidae
Emberiza citrinella;Emberiza citrinella;2000s;5;0,993;0,992;0,001;2,198515247;2,194564174;0,821433305;0,816056483;0,003951073;0,005376822;bird;0;29,7;3,7;R;0;0,914285714;0,888888889;FA;agric;53,97282453;PASSERIFORMES;Emberizidae
Emberiza citrinella;Emberiza citrinella;2006s;7;0,436;0,418;0,018;54,5855087;53,36229025;0,720055081;0,720785896;1,223218442;-0,000730815;bird;0;29,7;3,7;R;0;0,914285714;0,888888889;FA;agric;53,97282453;PASSERIFORMES;Emberizidae
Emberiza citrinella;Emberiza citrinella;2012s;7;0,53;0,527;0,003;29,22014981;29,33318721;0,696650804;0,702829102;-0,113037406;-0,006178298;bird;0;29,7;3,7;R;0;0,914285714;0,888888889;FA;agric;53,97282453;PASSERIFORMES;Emberizidae
Emberiza citrinella;Emberiza citrinella;2018s;6;0,152;0,129;0,023;1095,897828;1068,839354;0,728545817;0,722772064;27,05847374;0,005773754;bird;0;29,7;3,7;R;0;0,914285714;0,888888889;FA;agric;53,97282453;PASSERIFORMES;Emberizidae
Scolopax rusticola;Scolopax rusticola;2000s;5;0,09;0,065;0,024;4699,573568;4821,56238;0,67930653;0,693529728;-121,9888117;-0,014223199;bird;0;308,31;6,3;S;0;0,965714286;0,866666667;FO;mixedForest;54,32892132;CHARADRIIFORMES;Scolopacidae
Scolopax rusticola;Scolopax rusticola;2006s;7;0,249;0,241;0,008;30,98683614;30,70344858;0,712917803;0,709774603;0,283387565;0,0031432;bird;0;308,31;6,3;S;0;0,965714286;0,866666667;FO;mixedForest;54,32892132;CHARADRIIFORMES;Scolopacidae
Scolopax rusticola;Scolopax rusticola;2012s;6;0,332;0,332;0;174,7218876;174,6394641;0,714851657;0,710890554;0,082423502;0,003961103;bird;0;308,31;6,3;S;0;0,965714286;0,866666667;FO;mixedForest;54,32892132;CHARADRIIFORMES;Scolopacidae
Scolopax rusticola;Scolopax rusticola;2018s;7;0,611;0,585;0,026;8,625856803;8,954752446;0,820521821;0,822919039;-0,328895643;-0,002397218;bird;0;308,31;6,3;S;0;0,965714286;0,866666667;FO;mixedForest;54,32892132;CHARADRIIFORMES;Scolopacidae
Sylvia communis;Curruca communis;2000s;4;0,064;0,056;0,008;20960,13343;21132,09328;0,849868784;0,839024662;-171,9598456;0,010844122;bird;0;15,1;4;L;0;0,928571429;0,888888889;SH;other;53,3017314;PASSERIFORMES;Sylviidae
Sylvia communis;Curruca communis;2006s;6;0,097;0,096;0,001;4038,781727;4035,701061;0,81646742;0,820446768;3,080666044;-0,003979348;bird;0;15,1;4;L;0;0,928571429;0,888888889;SH;other;53,3017314;PASSERIFORMES;Sylviidae
Sylvia communis;Curruca communis;2012s;7;0,815;0,771;0,044;8,307192956;8,949191875;0,850344945;0,859066946;-0,641998919;-0,008722002;bird;0;15,1;4;L;0;0,928571429;0,888888889;SH;other;53,3017314;PASSERIFORMES;Sylviidae
Sylvia communis;Curruca communis;2018s;7;0,758;0,743;0,016;12,05122381;11,75067347;0,856771864;0,860372578;0,300550337;-0,003600714;bird;0;15,1;4;L;0;0,928571429;0,888888889;SH;other;53,3017314;PASSERIFORMES;Sylviidae
Motacilla alba;Motacilla alba;2000s;6;0,259;0,243;0,015;408,6792628;415,9851634;0,755861373;0,751494572;-7,305900619;0,004366801;bird;0;23,93;4,2;S;0;0,885714286;1;HU;other;55,1792908;PASSERIFORMES;Motacillidae
Motacilla alba;Motacilla alba;2006s;7;0,383;0,366;0,017;29,49781769;30,11112407;0,768371504;0,773491433;-0,61330638;-0,005119929;bird;0;23,93;4,2;S;0;0,885714286;1;HU;other;55,1792908;PASSERIFORMES;Motacillidae
Motacilla alba;Motacilla alba;2012s;7;0,664;0,636;0,028;1,299132474;1,355142154;0,690494386;0,68435836;-0,05600968;0,006136025;bird;0;23,93;4,2;S;0;0,885714286;1;HU;other;55,1792908;PASSERIFORMES;Motacillidae
Motacilla alba;Motacilla alba;2018s;7;0,49;0,466;0,024;24,95356728;24,17761934;0,781610108;0,786588365;0,775947943;-0,004978258;bird;0;23,93;4,2;S;0;0,885714286;1;HU;other;55,1792908;PASSERIFORMES;Motacillidae
Tringa totanus;Tringa totanus;2012s;7;0,498;0,469;0,029;38,56170417;40,07880193;0,781778382;0,790082813;-1,517097758;-0,008304431;bird;0;129;6,2;S;0;0,9;0,933333333;WE;water;59,95161;CHARADRIIFORMES;Scolopacidae
Tringa totanus;Tringa totanus;2018s;7;0,346;0,331;0,015;143,4384096;140,7792616;0,86878883;0,866449026;2,659148079;0,002339804;bird;0;129;6,2;S;0;0,9;0,933333333;WE;water;59,95161;CHARADRIIFORMES;Scolopacidae
Phylloscopus trochiloides;Seicercus trochiloides;2006s;5;0,991;0,988;0,002;2,363673194;2,375242333;0,71059445;0,699309482;-0,01156914;0,011284968;bird;0;8,05;3,6;L;0;0,883116883;0,933333333;FO;mixedForest;55,47394215;PASSERIFORMES;Sylviidae
Phylloscopus trochiloides;Seicercus trochiloides;2012s;7;0,548;0,545;0,003;8,948949483;8,990768536;0,747095285;0,748519221;-0,041819053;-0,001423936;bird;0;8,05;3,6;L;0;0,883116883;0,933333333;FO;mixedForest;55,47394215;PASSERIFORMES;Sylviidae
Phylloscopus trochiloides;Seicercus trochiloides;2018s;7;0,598;0,595;0,003;70,74637148;70,46769261;0,858957973;0,85798584;0,278678862;0,000972133;bird;0;8,05;3,6;L;0;0,883116883;0,933333333;FO;mixedForest;55,47394215;PASSERIFORMES;Sylviidae
Sylvia atricapilla;Sylvia atricapilla;2006s;6;0,168;0,162;0,006;1378,452099;1387,221785;0,801286839;0,80089563;-8,769686115;0,000391209;bird;0;16,7;4;L;0;0,925;0,822222222;DF;deciduous;53,74069551;PASSERIFORMES;Sylviidae
Sylvia atricapilla;Sylvia atricapilla;2012s;7;0,496;0,466;0,03;24,24010845;23,3029592;0,77207092;0,77068398;0,937149257;0,001386941;bird;0;16,7;4;L;0;0,925;0,822222222;DF;deciduous;53,74069551;PASSERIFORMES;Sylviidae
Sylvia atricapilla;Sylvia atricapilla;2018s;7;0,631;0,626;0,005;9,388590238;9,456907993;0,722049825;0,720956336;-0,068317755;0,001093489;bird;0;16,7;4;L;0;0,925;0,822222222;DF;deciduous;53,74069551;PASSERIFORMES;Sylviidae
Sturnus vulgaris;Sturnus vulgaris;2012s;7;0,533;0,504;0,029;19,32383221;20,10669732;0,828929171;0,830022126;-0,782865118;-0,001092955;bird;0;77,14;4,6;S;0;0,885714286;0,6;FA;agric;53,20385111;PASSERIFORMES;Sturnidae
Sturnus vulgaris;Sturnus vulgaris;2018s;6;0,161;0,16;0,001;3611,315699;3608,5559;0,900450351;0,904884924;2,759798895;-0,004434572;bird;0;77,14;4,6;S;0;0,885714286;0,6;FA;agric;53,20385111;PASSERIFORMES;Sturnidae
Parus cristatus;Lophophanes cristatus;2000s;4;0,072;0,041;0,031;28366,63752;29305,45201;0,766292453;0,756796063;-938,8144873;0,00949639;bird;0;11,04;4;R;1;0,952380952;0,866666667;CF;coniferous;54,66545459;PASSERIFORMES;Paridae
Parus cristatus;Lophophanes cristatus;2006s;6;0,46;0,451;0,009;27,32367428;27,02347644;0,660899007;0,666944474;0,300197832;-0,006045467;bird;0;11,04;4;R;1;0,952380952;0,866666667;CF;coniferous;54,66545459;PASSERIFORMES;Paridae
Parus cristatus;Lophophanes cristatus;2012s;7;0,691;0,663;0,028;0,486143252;0,507632033;0,625128214;0,630316793;-0,02148878;-0,005188578;bird;0;11,04;4;R;1;0,952380952;0,866666667;CF;coniferous;54,66545459;PASSERIFORMES;Paridae
Parus cristatus;Lophophanes cristatus;2018s;7;0,512;0,498;0,013;7,817485504;7,67778188;0,637104094;0,639105218;0,139703624;-0,002001124;bird;0;11,04;4;R;1;0,952380952;0,866666667;CF;coniferous;54,66545459;PASSERIFORMES;Paridae
Delichon urbicum;Delichon urbicum;2006s;5;0,346;0,342;0,004;2120,575109;2130,448358;0,827587971;0,826439241;-9,873248822;0,00114873;bird;0;14,5;4,3;L;1;0,965714286;1;FA;agric;54,28531864;PASSERIFORMES;Hirundinidae
Delichon urbicum;Delichon urbicum;2012s;4;0,045;0,04;0,005;24612,14868;24484,99533;0,630897574;0,644792113;127,1533461;-0,013894539;bird;0;14,5;4,3;L;1;0,965714286;1;FA;agric;54,28531864;PASSERIFORMES;Hirundinidae
Ficedula parva;Ficedula parva;2006s;5;0,28;0,276;0,004;1502,368521;1509,290149;0,7336089;0,732218798;-6,921628214;0,001390102;bird;0;10,8;3,9;L;0;0,977142857;1;FO;mixedForest;56,53714814;PASSERIFORMES;Muscicapidae
Ficedula parva;Ficedula parva;2012s;7;0,647;0,621;0,025;7,81795817;7,53402378;0,709345502;0,703564782;0,28393439;0,00578072;bird;0;10,8;3,9;L;0;0,977142857;1;FO;mixedForest;56,53714814;PASSERIFORMES;Muscicapidae
Ficedula parva;Ficedula parva;2018s;7;0,622;0,558;0,064;29,07732443;31,93006857;0,735631097;0,742338427;-2,852744145;-0,006707331;bird;0;10,8;3,9;L;0;0,977142857;1;FO;mixedForest;56,53714814;PASSERIFORMES;Muscicapidae
Numenius phaeopus;Numenius phaeopus;2000s;5;0,067;0,066;0,001;13833,11496;13824,97202;0,78438153;0,778552535;8,142937461;0,005828995;bird;0;364,57;9,1;L;0;0,828571429;0,844444444;MM;other;60,66669557;CHARADRIIFORMES;Scolopacidae
Numenius phaeopus;Numenius phaeopus;2006s;6;0,999;0,98;0,019;0,077916115;0,080879014;0,812258373;0,80688084;-0,002962899;0,005377533;bird;0;364,57;9,1;L;0;0,828571429;0,844444444;MM;other;60,66669557;CHARADRIIFORMES;Scolopacidae
Numenius phaeopus;Numenius phaeopus;2012s;5;0,35;0,314;0,036;968,2829677;1011,374251;0,702413374;0,708280453;-43,091283;-0,005867079;bird;0;364,57;9,1;L;0;0,828571429;0,844444444;MM;other;60,66669557;CHARADRIIFORMES;Scolopacidae
Numenius phaeopus;Numenius phaeopus;2018s;7;0,779;0,732;0,047;1,608217738;1,489129038;0,761884959;0,766776445;0,1190887;-0,004891486;bird;0;364,57;9,1;L;0;0,828571429;0,844444444;MM;other;60,66669557;CHARADRIIFORMES;Scolopacidae
Emberiza rustica;Schoeniclus rusticus;2006s;5;0,13;0,081;0,049;4118,824235;4340,102263;0,70262534;0,7034512;-221,2780277;-0,00082586;bird;0;20,54;3,6;L;0;0,957142857;0,933333333;FO;mixedForest;58,37702034;PASSERIFORMES;Emberizidae
Emberiza rustica;Schoeniclus rusticus;2012s;5;0,564;0,552;0,012;182,2807108;179,3509243;0,641820478;0,630520162;2,929786575;0,011300316;bird;0;20,54;3,6;L;0;0,957142857;0,933333333;FO;mixedForest;58,37702034;PASSERIFORMES;Emberizidae
Emberiza rustica;Schoeniclus rusticus;2018s;6;0,491;0,458;0,033;30,08889228;31,44444986;0,698448514;0,695971171;-1,35555758;0,002477343;bird;0;20,54;3,6;L;0;0,957142857;0,933333333;FO;mixedForest;58,37702034;PASSERIFORMES;Emberizidae
Jynx torquilla;Jynx torquilla;2006s;6;0,561;0,543;0,019;150,1338412;154,0951999;0,753344032;0,755584335;-3,961358655;-0,002240303;bird;0;34,96;3,5;L;0;0,869047619;1;FO;mixedForest;55,935413;PICIFORMES;Picidae
Jynx torquilla;Jynx torquilla;2012s;5;0,096;0,087;0,009;1070,784939;1080,881384;0,519877168;0,523422497;-10,09644476;-0,00354533;bird;0;34,96;3,5;L;0;0,869047619;1;FO;mixedForest;55,935413;PICIFORMES;Picidae
Jynx torquilla;Jynx torquilla;2018s;5;0,178;0,16;0,018;2555,007158;2605,098205;0,746511734;0,757238397;-50,09104756;-0,010726663;bird;0;34,96;3,5;L;0;0,869047619;1;FO;mixedForest;55,935413;PICIFORMES;Picidae
Parus ater;Periparus ater;2006s;6;0,312;0,268;0,044;25,3373524;26,69950555;0,520929021;0,520681954;-1,362153149;0,000247067;bird;0;9,2;4,1;R;0;0,955102041;0,711111111;CF;coniferous;53,77290283;PASSERIFORMES;Paridae
Parus ater;Periparus ater;2012s;7;0,677;0,611;0,066;16,73541788;15,13989808;0,76882994;0,772373165;1,595519806;-0,003543224;bird;0;9,2;4,1;R;0;0,955102041;0,711111111;CF;coniferous;53,77290283;PASSERIFORMES;Paridae
Parus ater;Periparus ater;2018s;6;0,168;0,154;0,014;822,4093506;834,8436273;0,770906438;0,765191102;-12,43427666;0,005715336;bird;0;9,2;4,1;R;0;0,955102041;0,711111111;CF;coniferous;53,77290283;PASSERIFORMES;Paridae
Columba oenas;Columba oenas;2012s;7;0,347;0,333;0,014;180,9195471;177,776662;0,80821862;0,809428323;3,142885063;-0,001209703;bird;0;290,79;5,3;S;0;0,878195489;0,822222222;FO;mixedForest;53,63511887;COLUMBIFORMES;Columbidae
Columba oenas;Columba oenas;2018s;5;0,063;0,053;0,01;10283,71013;10394,74074;0,732451362;0,732620412;-111,030602;-0,00016905;bird;0;290,79;5,3;S;0;0,878195489;0,822222222;FO;mixedForest;53,63511887;COLUMBIFORMES;Columbidae
Buteo buteo;Buteo buteo;2006s;4;0,052;0,03;0,022;27057,25236;27676,56797;0,65604123;0,658044746;-619,3156157;-0,002003516;bird;0;759,1;10,1;S;1;0,942857143;0,977777778;FO;mixedForest;55,50375337;ACCIPITRIFORMES;Accipitridae
Buteo buteo;Buteo buteo;2012s;5;0,113;0,095;0,018;1658,099855;1690,854997;0,702248269;0,69720102;-32,75514216;0,005047249;bird;0;759,1;10,1;S;1;0,942857143;0,977777778;FO;mixedForest;55,50375337;ACCIPITRIFORMES;Accipitridae
Oenanthe oenanthe;Oenanthe oenanthe;2000s;5;0,074;0,074;0;24843,83829;24849,33132;0,90941028;0,909645778;-5,493035225;-0,000235498;bird;0;25,39;6,1;L;0;0,925;0,911111111;MM;other;58,67164292;PASSERIFORMES;Muscicapidae
Oenanthe oenanthe;Oenanthe oenanthe;2006s;5;0,072;0,072;0;9013,95371;9013,43378;0,72492915;0,757912244;0,519929286;-0,032983094;bird;0;25,39;6,1;L;0;0,925;0,911111111;MM;other;58,67164292;PASSERIFORMES;Muscicapidae
Oenanthe oenanthe;Oenanthe oenanthe;2012s;5;0,077;0,064;0,014;15008,5014;14791,87172;0,809517473;0,794184663;216,6296744;0,01533281;bird;0;25,39;6,1;L;0;0,925;0,911111111;MM;other;58,67164292;PASSERIFORMES;Muscicapidae
Oenanthe oenanthe;Oenanthe oenanthe;2018s;4;0,055;0,05;0,006;26857,68319;26705,13119;0,757922536;0,751570454;152,5520016;0,006352083;bird;0;25,39;6,1;L;0;0,925;0,911111111;MM;other;58,67164292;PASSERIFORMES;Muscicapidae
Pandion haliaetus;Pandion haliaetus;2012s;5;0,633;0,624;0,009;358,7051736;354,0860993;0,713045105;0,696677089;4,619074283;0,016368015;bird;0;1483,2;11,6;L;0;0,814285714;1;WE;water;58,79890286;ACCIPITRIFORMES;Pandionidae
Pandion haliaetus;Pandion haliaetus;2018s;6;0,183;0,154;0,029;302,3535758;312,1098667;0,578768998;0,58064078;-9,756290836;-0,001871782;bird;0;1483,2;11,6;L;0;0,814285714;1;WE;water;58,79890286;ACCIPITRIFORMES;Pandionidae
Corvus corone;Corvus corone;2018s;6;0,318;0,304;0,013;186,1364243;189,1330809;0,718037511;0,723458971;-2,996656663;-0,00542146;bird;0;570;6,8;R;0;0,771428571;0,644444444;HU;other;63,72265446;PASSERIFORMES;Corvidae
Corvus monedula;Corvus monedula;2012s;6;0,205;0,185;0,02;897,8026505;878,341744;0,816985558;0,813024458;19,46090655;0,003961101;bird;0;246;7,4;R;0;0,914285714;0,733333333;FA;agric;53,41945114;PASSERIFORMES;Corvidae
Corvus monedula;Corvus monedula;2018s;7;0,815;0,814;0,001;16,38705192;16,42209866;0,735835531;0,73512589;-0,035046744;0,000709641;bird;0;246;7,4;R;0;0,914285714;0,733333333;FA;agric;53,41945114;PASSERIFORMES;Corvidae
Falco subbuteo;Falco subbuteo;2006s;4;0,072;0,071;0,001;3808,683389;3813,49649;0,569630166;0,563309896;-4,813101202;0,006320271;bird;0;208,17;6,4;L;0;0,942857143;0,933333333;WE;water;57,38151277;FALCONIFORMES;Falconidae
Falco subbuteo;Falco subbuteo;2012s;5;0,858;0,855;0,003;137,3558846;138,1020999;0,763924434;0,769565622;-0,746215393;-0,005641187;bird;0;208,17;6,4;L;0;0,942857143;0,933333333;WE;water;57,38151277;FALCONIFORMES;Falconidae
Falco subbuteo;Falco subbuteo;2018s;7;0,319;0,291;0,028;69,18153328;71,48581736;0,706004024;0,709991808;-2,304284081;-0,003987785;bird;0;208,17;6,4;L;0;0,942857143;0,933333333;WE;water;57,38151277;FALCONIFORMES;Falconidae
Luscinia luscinia;Luscinia luscinia;2012s;7;0,516;0,501;0,015;28,65847349;29,23910338;0,740569797;0,742774503;-0,580629889;-0,002204706;bird;0;23,8;4,2;L;0;0,93015873;0,911111111;DF;deciduous;53,56686633;PASSERIFORMES;Muscicapidae
Luscinia luscinia;Luscinia luscinia;2018s;7;0,685;0,67;0,015;31,46941929;30,7579269;0,87869054;0,884404292;0,711492395;-0,005713752;bird;0;23,8;4,2;L;0;0,93015873;0,911111111;DF;deciduous;53,56686633;PASSERIFORMES;Muscicapidae
Botaurus stellaris;Botaurus stellaris;2018s;7;0,649;0,646;0,004;2,674241911;2,659640791;0,655345684;0,654627487;0,01460112;0,000718197;bird;0;1319,45;5,5;S;0;0,93877551;0,888888889;WE;water;53,52532437;PELECANIFORMES;Ardeidae
Aegithalos caudatus;Aegithalos caudatus;2012s;6;0,187;0,183;0,004;2395,395647;2384,769389;0,895073577;0,894530112;10,62625795;0,000543466;bird;0;8,6;4,2;R;0;0,897142857;0,777777778;DF;deciduous;53,88157075;PASSERIFORMES;Aegithalidae
Aegithalos caudatus;Aegithalos caudatus;2018s;5;0,119;0,118;0,001;1445,163631;1446,9741;0,855394358;0,852268065;-1,810468989;0,003126293;bird;0;8,6;4,2;R;0;0,897142857;0,777777778;DF;deciduous;53,88157075;PASSERIFORMES;Aegithalidae
Garrulus glandarius;Garrulus glandarius;2000s;4;0,048;0,041;0,007;58486,8481;58887,54585;0,850979941;0,84081962;-400,697756;0,010160321;bird;0;159,46;7,5;R;0;0,978571429;0,777777778;CF;coniferous;54,16703795;PASSERIFORMES;Corvidae
Garrulus glandarius;Garrulus glandarius;2006s;7;0,412;0,411;0,002;5,611692557;5,601059852;0,653789063;0,64977786;0,010632706;0,004011203;bird;0;159,46;7,5;R;0;0,978571429;0,777777778;CF;coniferous;54,16703795;PASSERIFORMES;Corvidae
Garrulus glandarius;Garrulus glandarius;2012s;7;0,61;0,593;0,017;21,25499228;21,79494209;0,746524156;0,75394271;-0,539949811;-0,007418554;bird;0;159,46;7,5;R;0;0,978571429;0,777777778;CF;coniferous;54,16703795;PASSERIFORMES;Corvidae
Garrulus glandarius;Garrulus glandarius;2018s;6;0,184;0,145;0,039;1262,41537;1209,430153;0,821305687;0,823845989;52,98521701;-0,002540303;bird;0;159,46;7,5;R;0;0,978571429;0,777777778;CF;coniferous;54,16703795;PASSERIFORMES;Corvidae
Haliaeetus albicilla;Haliaeetus albicilla;2018s;6;0,509;0,505;0,004;292,5207258;293,9979596;0,969692616;0,973431101;-1,47723382;-0,003738485;bird;0;4729,27;17,5;R;0;0,727272727;0,8;AR;water;58,96130939;ACCIPITRIFORMES;Accipitridae
Lymnocryptes minimus;Lymnocryptes minimus;2012s;4;0,048;0,042;0,006;41920,99442;42173,66335;0,726776841;0,732606066;-252,6689352;-0,005829225;bird;0;50,07;5,4;S;0;0,883116883;0,955555556;MM;other;62,19196222;CHARADRIIFORMES;Scolopacidae
Lymnocryptes minimus;Lymnocryptes minimus;2018s;5;0,07;0,062;0,008;23378,18629;23173,32484;0,857351333;0,859112825;204,8614498;-0,001761492;bird;0;50,07;5,4;S;0;0,883116883;0,955555556;MM;other;62,19196222;CHARADRIIFORMES;Scolopacidae
Falco tinnunculus;Falco tinnunculus;2006s;6;0,125;0,121;0,004;9120,705815;9080,971023;0,912580064;0,910499937;39,73479239;0,002080128;bird;0;183,21;5,4;S;0;0,871428571;0,977777778;FA;agric;57,40704587;FALCONIFORMES;Falconidae
Falco tinnunculus;Falco tinnunculus;2012s;5;0,099;0,094;0,004;4909,970454;4933,071178;0,661241673;0,667897119;-23,10072435;-0,006655445;bird;0;183,21;5,4;S;0;0,871428571;0,977777778;FA;agric;57,40704587;FALCONIFORMES;Falconidae
Falco tinnunculus;Falco tinnunculus;2018s;6;0,221;0,207;0,014;263,2940426;259,1107257;0,794622805;0,795976336;4,183316947;-0,001353531;bird;0;183,21;5,4;S;0;0,871428571;0,977777778;FA;agric;57,40704587;FALCONIFORMES;Falconidae
Emberiza pusilla;Schoeniclus pusillus;2012s;4;0,048;0,045;0,003;12366,74631;12405,67397;0,606522326;0,599122633;-38,92766447;0,007399693;bird;0;14,57;3,6;L;0;0,971428571;0,933333333;MM;other;58,67655348;PASSERIFORMES;Emberizidae
Accipiter gentilis;Accipiter gentilis;2006s;6;0,265;0,259;0,006;304,9382957;307,165259;0,643877451;0,643561849;-2,226963296;0,000315602;bird;0;866,04;7;R;0;0,965714286;0,977777778;CF;coniferous;57,19542268;ACCIPITRIFORMES;Accipitridae
Accipiter gentilis;Accipiter gentilis;2012s;4;0,061;0,034;0,026;22087,215;21493,54878;0,659351897;0,651505678;593,666214;0,007846219;bird;0;866,04;7;R;0;0,965714286;0,977777778;CF;coniferous;57,19542268;ACCIPITRIFORMES;Accipitridae
Accipiter gentilis;Accipiter gentilis;2018s;6;0,217;0,216;0,001;7,575293397;7,587692368;0,330688039;0,329691556;-0,01239897;0,000996483;bird;0;866,04;7;R;0;0,965714286;0,977777778;CF;coniferous;57,19542268;ACCIPITRIFORMES;Accipitridae
Limicola falcinellus;Calidris falcinellus;2018s;5;0,066;0,059;0,007;15022,18769;15136,93158;0,727593443;0,740741397;-114,7438887;-0,013147955;bird;0;37,1;4,8;L;0;0,903896104;0,955555556;MM;other;63,22578802;CHARADRIIFORMES;Scolopacidae
Luscinia svecica;Luscinia svecica;2000s;5;0,058;0,057;0,001;13171,59967;13155,08107;0,739422169;0,744505447;16,51860085;-0,005083279;bird;0;17,23;4,2;L;0;0,742857143;0,844444444;SH;other;64,04314265;PASSERIFORMES;Muscicapidae
Acrocephalus scirpaceus;Acrocephalus scirpaceus;2018s;6;0,162;0,144;0,018;426,5510036;434,8363145;0,8051854;0,807820427;-8,285310882;-0,002635026;bird;0;12,3;4,2;L;0;0,978571429;0,866666667;WE;water;54,27729274;PASSERIFORMES;Sylviidae
Lanius collurio;Lanius collurio;2006s;5;0,165;0,159;0,006;2053,917024;2068,374646;0,865191972;0,878960547;-14,45762197;-0,013768575;bird;0;28,44;4;L;0;0,857142857;0,844444444;SH;other;53,38287806;PASSERIFORMES;Laniidae
Lanius collurio;Lanius collurio;2018s;7;0,559;0,536;0,023;11,76000978;11,38721889;0,818394504;0,82415691;0,372790887;-0,005762407;bird;0;28,44;4;L;0;0,857142857;0,844444444;SH;other;53,38287806;PASSERIFORMES;Laniidae
Accipiter nisus;Accipiter nisus;2012s;4;0,06;0,057;0,003;43289,27803;43423,42869;0,903519518;0,895901911;-134,1506582;0,007617607;bird;0;220,79;7,2;S;0;0,885714286;1;FO;mixedForest;55,90838888;ACCIPITRIFORMES;Accipitridae
Phasianus colchicus;Phasianus colchicus;2018s;7;0,331;0,324;0,007;169,0670808;170,5088076;0,787396165;0,786014624;-1,441726786;0,001381541;bird;0;1120,31;5;R;0;0,971428571;0,733333333;FA;agric;53,54320941;GALLIFORMES;Phasianidae
Pinicola enucleator;Pinicola enucleator;2018s;4;0,047;0,037;0,011;31263,93554;31617,37549;0,724611199;0,72433844;-353,4399406;0,000272759;bird;0;56,4;4,2;R;0;0,955102041;0,711111111;CF;coniferous;62,72616933;PASSERIFORMES;Fringillidae
Haematopus ostralegus;Haematopus ostralegus;2018s;4;0,046;0,039;0,007;801,8773294;807,9120646;0,314358596;0,308120283;-6,034735195;0,006238313;bird;0;526;13,7;S;0;0,881632653;0,977777778;AR;water;55,89048927;CHARADRIIFORMES;Haematopodidae
Acrocephalus palustris;Acrocephalus palustris;2018s;5;0,089;0,071;0,017;49178,81101;50075,54945;1,143494995;1,133010691;-896,7384425;0,010484304;bird;0;11,5;4,3;L;0;0,978571429;0,955555556;SH;other;53,84943107;PASSERIFORMES;Sylviidae
Ardea cinerea;Ardea cinerea;2018s;5;0,12;0,11;0,01;977,4090616;987,4871732;0,999459973;1,005469598;-10,07811159;-0,006009625;bird;0;1443;10,3;S;0;0,714285714;0,844444444;WE;water;53,92459363;PELECANIFORMES;Ardeidae
Acrocephalus dumetorum;Acrocephalus dumetorum;2018s;7;0,533;0,499;0,033;28,85714541;30,20272434;0,755101288;0,763277172;-1,34557893;-0,008175884;bird;0;11,2;4,4;L;0;0,942857143;0,977777778;SH;other;52,96234508;PASSERIFORMES;Sylviidae
Alces alces;Alces alces;2000s;7;0,523;0,5;0,023;0,631623488;0,651828549;0,449222844;0,450979757;-0,020205061;-0,001756913;mammal;1;356998,16;10,1966537;NA;0;0,952941176;1;NA;NA;63,23128086;ARTIODACTYLA;Cervidae
Alces alces;Alces alces;2006s;7;0,403;0,391;0,012;0,851779917;0,864441324;0,456246915;0,454329007;-0,012661407;0,001917909;mammal;1;356998,16;10,1966537;NA;0;0,952941176;1;NA;NA;63,23128086;ARTIODACTYLA;Cervidae
Alces alces;Alces alces;2012s;7;0,408;0,378;0,03;0,56304296;0,584971074;0,450324122;0,444935982;-0,021928114;0,00538814;mammal;1;356998,16;10,1966537;NA;0;0,952941176;1;NA;NA;63,23128086;ARTIODACTYLA;Cervidae
Alces alces;Alces alces;2018s;7;0,476;0,466;0,009;0,474472849;0,468692553;0,447121208;0,442444017;0,005780296;0,004677191;mammal;1;356998,16;10,1966537;NA;0;0,952941176;1;NA;NA;63,23128086;ARTIODACTYLA;Cervidae
Gulo gulo;Gulo gulo;2000s;5;0,063;0,055;0,008;8516,93211;8449,368813;0,671180212;0,664822854;67,56329774;0,006357358;mammal;1;17012,56;7,18438863;NA;1;0,898214286;0,733333333;NA;NA;64,03833363;CARNIVORA;Mustelidae
Gulo gulo;Gulo gulo;2006s;7;0,989;0,969;0,02;0,011142645;0,010713846;0,60384869;0,614285763;0,000428799;-0,010437072;mammal;1;17012,56;7,18438863;NA;1;0,898214286;0,733333333;NA;NA;64,03833363;CARNIVORA;Mustelidae
Gulo gulo;Gulo gulo;2012s;6;0,398;0,388;0,01;7,852612817;7,751535019;0,463763372;0,467490895;0,101077799;-0,003727523;mammal;1;17012,56;7,18438863;NA;1;0,898214286;0,733333333;NA;NA;64,03833363;CARNIVORA;Mustelidae
Gulo gulo;Gulo gulo;2018s;7;0,548;0,511;0,037;1,12451195;1,068231847;0,451453642;0,444856041;0,056280103;0,006597601;mammal;1;17012,56;7,18438863;NA;1;0,898214286;0,733333333;NA;NA;64,03833363;CARNIVORA;Mustelidae
Lepus timidus;Lepus timidus;2000s;7;0,4;0,3;0,1;1,508882595;1,709696242;0,457262112;0,4612395;-0,200813647;-0,003977388;mammal;1;3048;2,869251178;NA;0;0,928571429;1;NA;NA;63,28351638;LAGOMORPHA;Leporidae
Lepus timidus;Lepus timidus;2006s;7;0,445;0,34;0,105;1,094251082;0,955512163;0,46179665;0,45080821;0,138738918;0,01098844;mammal;1;3048;2,869251178;NA;0;0,928571429;1;NA;NA;63,28351638;LAGOMORPHA;Leporidae
Lepus timidus;Lepus timidus;2012s;7;0,341;0,23;0,111;2,024411229;2,315626484;0,466356666;0,477016291;-0,291215256;-0,010659625;mammal;1;3048;2,869251178;NA;0;0,928571429;1;NA;NA;63,28351638;LAGOMORPHA;Leporidae
Lepus timidus;Lepus timidus;2018s;7;0,342;0,333;0,009;0,946751771;0,937070987;0,433300121;0,435666239;0,009680785;-0,002366117;mammal;1;3048;2,869251178;NA;0;0,928571429;1;NA;NA;63,28351638;LAGOMORPHA;Leporidae
Lutra lutra;Lutra lutra;2000s;7;0,539;0,516;0,023;1,111403954;1,14667734;0,467419456;0,464919612;-0,035273385;0,002499843;mammal;1;8785,14;7,597156393;NA;0;0,657142857;0,733333333;NA;NA;63,15800091;CARNIVORA;Mustelidae
Lutra lutra;Lutra lutra;2006s;7;0,48;0,397;0,083;1,294855631;1,44484204;0,455127225;0,457918173;-0,14998641;-0,002790948;mammal;1;8785,14;7,597156393;NA;0;0,657142857;0,733333333;NA;NA;63,15800091;CARNIVORA;Mustelidae
Lutra lutra;Lutra lutra;2012s;7;0,397;0,394;0,004;2,441637398;2,43055727;0,484549564;0,489708026;0,011080128;-0,005158462;mammal;1;8785,14;7,597156393;NA;0;0,657142857;0,733333333;NA;NA;63,15800091;CARNIVORA;Mustelidae
Lutra lutra;Lutra lutra;2018s;7;0,46;0,458;0,002;1,292755292;1,296321534;0,47934474;0,471484455;-0,003566243;0,007860285;mammal;1;8785,14;7,597156393;NA;0;0,657142857;0,733333333;NA;NA;63,15800091;CARNIVORA;Mustelidae
Lynx lynx;Lynx lynx;2000s;7;0,645;0,614;0,03;0,119722384;0,114470643;0,37486392;0,37725562;0,005251741;-0,0023917;mammal;1;17950;9,145861415;NA;0;0,942857143;1;NA;NA;62,41643669;CARNIVORA;Felidae
Lynx lynx;Lynx lynx;2006s;7;0,476;0,424;0,052;0,574476466;0,536701359;0,415171519;0,414201254;0,037775108;0,000970265;mammal;1;17950;9,145861415;NA;0;0,942857143;1;NA;NA;62,41643669;CARNIVORA;Felidae
Lynx lynx;Lynx lynx;2012s;7;0,367;0,361;0,006;1,28448994;1,274447032;0,450086731;0,455747106;0,010042908;-0,005660375;mammal;1;17950;9,145861415;NA;0;0,942857143;1;NA;NA;62,41643669;CARNIVORA;Felidae
Lynx lynx;Lynx lynx;2018s;7;0,384;0,364;0,02;0,531091401;0,544192487;0,424728894;0,420410266;-0,013101087;0,004318628;mammal;1;17950;9,145861415;NA;0;0,942857143;1;NA;NA;62,41643669;CARNIVORA;Felidae
Vulpes lagopus;Vulpes lagopus;2000s;7;0,616;0,547;0,069;0,288233973;0,318649737;0,442349448;0,442856702;-0,030415764;-0,000507254;mammal;0;3584,37;5,126540046;NA;1;0,985714286;0,866666667;NA;NA;63,39164854;CARNIVORA;Canidae
Vulpes lagopus;Vulpes lagopus;2006s;7;0,417;0,349;0,068;1,019578664;0,935539108;0,455460552;0,451611582;0,084039556;0,003848971;mammal;0;3584,37;5,126540046;NA;1;0,985714286;0,866666667;NA;NA;63,39164854;CARNIVORA;Canidae
Vulpes lagopus;Vulpes lagopus;2012s;7;0,361;0,331;0,031;0,937221283;0,902635693;0,450823289;0,454517331;0,03458559;-0,003694042;mammal;0;3584,37;5,126540046;NA;1;0,985714286;0,866666667;NA;NA;63,39164854;CARNIVORA;Canidae
Vulpes lagopus;Vulpes lagopus;2018s;7;0,499;0,456;0,042;0,52243593;0,493674693;0,461609518;0,454638455;0,028761237;0,006971063;mammal;0;3584,37;5,126540046;NA;1;0,985714286;0,866666667;NA;NA;63,39164854;CARNIVORA;Canidae
Lepus europaeus;Lepus europaeus;2000s;7;0,537;0,512;0,025;1,8480079;1,785675695;0,502813179;0,499094724;0,062332205;0,003718455;mammal;1;3740;2;NA;0;0,928571429;1;NA;NA;61,43076373;LAGOMORPHA;Leporidae
Lepus europaeus;Lepus europaeus;2006s;7;0,692;0,65;0,042;0,696459925;0,653619007;0,467089821;0,463027734;0,042840918;0,004062087;mammal;1;3740;2;NA;0;0,928571429;1;NA;NA;61,43076373;LAGOMORPHA;Leporidae
Lepus europaeus;Lepus europaeus;2012s;7;0,346;0,328;0,018;4,084538773;4,175650005;0,493011838;0,488509505;-0,091111232;0,004502333;mammal;1;3740;2;NA;0;0,928571429;1;NA;NA;61,43076373;LAGOMORPHA;Leporidae
Lepus europaeus;Lepus europaeus;2018s;7;0,395;0,362;0,033;1,806863395;1,883268363;0,465960814;0,462471817;-0,076404969;0,003488998;mammal;1;3740;2;NA;0;0,928571429;1;NA;NA;61,43076373;LAGOMORPHA;Leporidae
Sciurus vulgaris;Sciurus vulgaris;2000s;7;0,367;0,354;0,013;2,501716836;2,460958943;0,497424132;0,49158961;0,040757894;0,005834522;mammal;0;333;4,4185;NA;0;0,971428571;0,844444444;NA;NA;62,92089701;RODENTIA;Sciuridae
Sciurus vulgaris;Sciurus vulgaris;2006s;7;0,383;0,378;0,005;1,964291106;1,976860647;0,474016342;0,481670955;-0,012569542;-0,007654613;mammal;0;333;4,4185;NA;0;0,971428571;0,844444444;NA;NA;62,92089701;RODENTIA;Sciuridae
Sciurus vulgaris;Sciurus vulgaris;2012s;7;0,366;0,335;0,031;2,466520002;2,562883596;0,497495509;0,504236602;-0,096363594;-0,006741094;mammal;0;333;4,4185;NA;0;0,971428571;0,844444444;NA;NA;62,92089701;RODENTIA;Sciuridae
Sciurus vulgaris;Sciurus vulgaris;2018s;7;0,367;0,349;0,018;1,807013849;1,767308857;0,471779207;0,467037074;0,039704993;0,004742132;mammal;0;333;4,4185;NA;0;0,971428571;0,844444444;NA;NA;62,92089701;RODENTIA;Sciuridae
Vulpes vulpes;Vulpes vulpes;2000s;7;0,345;0,319;0,025;3,161849589;3,065945397;0,487176006;0,490963985;0,095904192;-0,003787979;mammal;1;5476,17;5,768211507;NA;0;0,871428571;0,911111111;NA;NA;63,19039002;CARNIVORA;Canidae
Vulpes vulpes;Vulpes vulpes;2006s;7;0,372;0,358;0,014;2,95010358;2,898662812;0,497870927;0,493521861;0,051440768;0,004349066;mammal;1;5476,17;5,768211507;NA;0;0,871428571;0,911111111;NA;NA;63,19039002;CARNIVORA;Canidae
Vulpes vulpes;Vulpes vulpes;2012s;7;0,293;0,286;0,007;5,749386309;5,795656848;0,528530645;0,53404691;-0,046270539;-0,005516265;mammal;1;5476,17;5,768211507;NA;0;0,871428571;0,911111111;NA;NA;63,19039002;CARNIVORA;Canidae
Vulpes vulpes;Vulpes vulpes;2018s;7;0,29;0,287;0,004;3,53982289;3,524717572;0,489551901;0,48593876;0,015105317;0,003613141;mammal;1;5476,17;5,768211507;NA;0;0,871428571;0,911111111;NA;NA;63,19039002;CARNIVORA;Canidae
Neovison vison;Neovison vison;2000s;7;0,354;0,332;0,022;5,136512008;4,998060141;0,515915103;0,512307568;0,138451868;0,003607535;mammal;1;1150;4,03739726;NA;0;0,93877551;0,8;NA;NA;63,36759722;CARNIVORA;Mustelidae
Neovison vison;Neovison vison;2006s;7;0,395;0,353;0,042;4,835698465;4,588969004;0,516697116;0,5132175;0,24672946;0,003479615;mammal;1;1150;4,03739726;NA;0;0,93877551;0,8;NA;NA;63,36759722;CARNIVORA;Mustelidae
Neovison vison;Neovison vison;2012s;7;0,347;0,334;0,013;6,056373783;6,149604962;0,523463579;0,52204216;-0,093231178;0,001421419;mammal;1;1150;4,03739726;NA;0;0,93877551;0,8;NA;NA;63,36759722;CARNIVORA;Mustelidae
Neovison vison;Neovison vison;2018s;7;0,364;0,323;0,041;2,272721804;2,389179993;0,474454219;0,475017533;-0,116458189;-0,000563313;mammal;1;1150;4,03739726;NA;0;0,93877551;0,8;NA;NA;63,36759722;CARNIVORA;Mustelidae
Capreolus capreolus;Capreolus capreolus;2000s;7;0,697;0,662;0,035;0,979402587;1,033408025;0,45831309;0,463367;-0,054005438;-0,00505391;mammal;1;22500;6,398333333;NA;0;0,885714286;1;NA;NA;61,50307287;ARTIODACTYLA;Cervidae
Capreolus capreolus;Capreolus capreolus;2006s;7;0,577;0,565;0,012;1,41294712;1,437392469;0,471944395;0,469826884;-0,024445349;0,002117512;mammal;1;22500;6,398333333;NA;0;0,885714286;1;NA;NA;61,50307287;ARTIODACTYLA;Cervidae
Capreolus capreolus;Capreolus capreolus;2012s;7;0,343;0,29;0,053;5,774256177;6,154912825;0,503230201;0,503000707;-0,380656648;0,000229494;mammal;1;22500;6,398333333;NA;0;0,885714286;1;NA;NA;61,50307287;ARTIODACTYLA;Cervidae
Capreolus capreolus;Capreolus capreolus;2018s;7;0,36;0,313;0,046;3,135516642;2,963232528;0,491029657;0,500912353;0,172284114;-0,009882696;mammal;1;22500;6,398333333;NA;0;0,885714286;1;NA;NA;61,50307287;ARTIODACTYLA;Cervidae
Nyctereutes procyonoides;Nyctereutes procyonoides;2000s;7;0,403;0,371;0,032;7,587543178;7,894232734;0,510812948;0,507085188;-0,306689556;0,00372776;mammal;1;4040;5,731333333;NA;0;0,953571429;0,688888889;NA;NA;61,58366935;CARNIVORA;Canidae
Nyctereutes procyonoides;Nyctereutes procyonoides;2006s;7;0,304;0,286;0,018;8,638553779;8,818756455;0,507806656;0,508509646;-0,180202676;-0,00070299;mammal;1;4040;5,731333333;NA;0;0,953571429;0,688888889;NA;NA;61,58366935;CARNIVORA;Canidae
Nyctereutes procyonoides;Nyctereutes procyonoides;2012s;7;0,399;0,263;0,136;4,03471499;4,780997757;0,494933844;0,498333365;-0,746282768;-0,003399521;mammal;1;4040;5,731333333;NA;0;0,953571429;0,688888889;NA;NA;61,58366935;CARNIVORA;Canidae
Nyctereutes procyonoides;Nyctereutes procyonoides;2018s;7;0,395;0,372;0,023;2,498506495;2,426614766;0,459771071;0,452297146;0,07189173;0,007473925;mammal;1;4040;5,731333333;NA;0;0,953571429;0,688888889;NA;NA;61,58366935;CARNIVORA;Canidae
Mustela nivalis;Mustela nivalis;2000s;7;0,323;0,23;0,094;5,670999892;6,342645674;0,511794236;0,51165586;-0,671645781;0,000138376;mammal;1;103,88;3,271764247;NA;0;0,857142857;1;NA;NA;62,81158957;CARNIVORA;Mustelidae
Mustela nivalis;Mustela nivalis;2006s;7;0,36;0,336;0,023;4,039173708;4,156552218;0,468251016;0,472494574;-0,11737851;-0,004243558;mammal;1;103,88;3,271764247;NA;0;0,857142857;1;NA;NA;62,81158957;CARNIVORA;Mustelidae
Mustela nivalis;Mustela nivalis;2012s;7;0,274;0,227;0,048;8,539030848;9,023180473;0,539149751;0,534182681;-0,484149624;0,00496707;mammal;1;103,88;3,271764247;NA;0;0,857142857;1;NA;NA;62,81158957;CARNIVORA;Mustelidae
Mustela nivalis;Mustela nivalis;2018s;7;0,331;0,291;0,039;2,145860709;2,047465483;0,471716923;0,465730521;0,098395226;0,005986402;mammal;1;103,88;3,271764247;NA;0;0,857142857;1;NA;NA;62,81158957;CARNIVORA;Mustelidae
Odocoileus virginianus;Odocoileus virginianus;2000s;7;0,809;0,778;0,031;0,225727214;0,21418345;0,452296555;0,448556648;0,011543764;0,003739907;mammal;1;55508,56;7,435296804;NA;0;0,596765499;0,977777778;NA;NA;61,0713545;ARTIODACTYLA;Cervidae
Odocoileus virginianus;Odocoileus virginianus;2006s;7;0,662;0,612;0,051;0,550676211;0,510463294;0,453638456;0,442877856;0,040212917;0,0107606;mammal;1;55508,56;7,435296804;NA;0;0,596765499;0,977777778;NA;NA;61,0713545;ARTIODACTYLA;Cervidae
Odocoileus virginianus;Odocoileus virginianus;2012s;7;0,453;0,43;0,023;1,391891541;1,350574778;0,454915093;0,453011289;0,041316763;0,001903804;mammal;1;55508,56;7,435296804;NA;0;0,596765499;0,977777778;NA;NA;61,0713545;ARTIODACTYLA;Cervidae
Odocoileus virginianus;Odocoileus virginianus;2018s;7;0,502;0,402;0,099;0,420242116;0,479861945;0,4364829;0,436546602;-0,059619829;-6,37E-05;mammal;1;55508,56;7,435296804;NA;0;0,596765499;0,977777778;NA;NA;61,0713545;ARTIODACTYLA;Cervidae
Mustela erminea;Mustela erminea;2000s;7;0,474;0,465;0,009;2,654327449;2,624198403;0,484502471;0,485368127;0,030129046;-0,000865656;mammal;1;119,38;2,955555776;NA;0;0,842857143;0,866666667;NA;NA;62,719367;CARNIVORA;Mustelidae
Mustela erminea;Mustela erminea;2006s;7;0,387;0,37;0,017;9,409288325;9,215995392;0,491273367;0,491816174;0,193292933;-0,000542806;mammal;1;119,38;2,955555776;NA;0;0,842857143;0,866666667;NA;NA;62,719367;CARNIVORA;Mustelidae
Mustela erminea;Mustela erminea;2012s;7;0,544;0,529;0,015;1,587590939;1,555098414;0,504515465;0,503122185;0,032492525;0,001393281;mammal;1;119,38;2,955555776;NA;0;0,842857143;0,866666667;NA;NA;62,719367;CARNIVORA;Mustelidae
Mustela erminea;Mustela erminea;2018s;7;0,521;0,505;0,016;6,679234692;6,536681264;0,546748241;0,543912481;0,142553427;0,00283576;mammal;1;119,38;2,955555776;NA;0;0,842857143;0,866666667;NA;NA;62,719367;CARNIVORA;Mustelidae
Meles meles;Meles meles;2006s;5;0,083;0,077;0,006;477,4093375;480,2610784;0,466513076;0,468917786;-2,851740896;-0,00240471;mammal;0;13000;5,921227671;NA;0;0,914285714;0,533333333;NA;NA;62,68204073;CARNIVORA;Mustelidae
Rangifer tarandus;Rangifer tarandus fennicus;2006s;5;0,069;0,066;0,004;229,281625;228,439287;0,373811902;0,373680781;0,842337971;0,00013112;mammal;0;86033,98;5;NA;0;0,957142857;1;NA;NA;63,0604748;ARTIODACTYLA;Cervidae
Rangifer tarandus;Rangifer tarandus fennicus;2018s;7;0,43;0,418;0,013;1,475636405;1,500094744;0,472759753;0,477210801;-0,024458339;-0,004451048;mammal;0;86033,98;5;NA;0;0,957142857;1;NA;NA;63,0604748;ARTIODACTYLA;Cervidae
Castor fiber;Castor sp.;2018s;6;0,116;0,115;0,001;143,392953;143,208607;0,503668709;0,498139729;0,184346002;0,005528979;mammal;1;20410;8,153;NA;0;0,892857143;1;NA;NA;61,31566229;RODENTIA;Castoridae
Canis lupus;Canis lupus;2000s;4;0,057;0,036;0,021;13863,3616;14168,42219;0,532077305;0,529391623;-305,0605836;0,002685682;mammal;1;32183,33;7,899333333;NA;1;0,806015038;1;NA;NA;62,89615909;CARNIVORA;Canidae
Canis lupus;Canis lupus;2006s;6;0,333;0,324;0,009;22,73329369;22,98001562;0,471936081;0,468140262;-0,24672193;0,003795819;mammal;1;32183,33;7,899333333;NA;1;0,806015038;1;NA;NA;62,89615909;CARNIVORA;Canidae
Canis lupus;Canis lupus;2012s;6;0,144;0,141;0,003;46,22775085;46,37723308;0,469922571;0,469436317;-0,149482236;0,000486253;mammal;1;32183,33;7,899333333;NA;1;0,806015038;1;NA;NA;62,89615909;CARNIVORA;Canidae
Canis lupus;Canis lupus;2018s;7;0,43;0,399;0,031;0,287417693;0,276306693;0,347783566;0,345124625;0,011111;0,002658941;mammal;1;32183,33;7,899333333;NA;1;0,806015038;1;NA;NA;62,89615909;CARNIVORA;Canidae
Sus scrofa;Sus scrofa;2018s;6;0,287;0,266;0,021;10,35979376;10,11084816;0,418765166;0,421081021;0,2489456;-0,002315855;mammal;1;96118,09;7,27690411;NA;0;0,955102041;0,777777778;NA;NA;61,02430364;ARTIODACTYLA;Suidae
Mustela putorius;Mustela putorius;2018s;6;0,141;0,138;0,003;132,2942408;132,6917426;0,527020706;0,525162371;-0,397501827;0,001858335;mammal;1;915,37;4,52729968;NA;1;0,885714286;0,8;NA;NA;62,0681439;CARNIVORA;Mustelidae
