"species","year","naxes","beta_total","beta_repl","beta_diff","vol_protected","vol_unprotected","disp_protected","disp_unprotected","delta_vol","delta_disp"
"Acanthis flammea","2000s",6,0.211,0.185,0.026,898.676796582844,925.25911720342,0.773728647637078,0.777709209085617,-26.582320620576,-0.00398056144853909
"Acanthis flammea","2006s",7,0.605,0.564,0.041,5.3543961767134,5.67677574142288,0.71604605351572,0.712440146246214,-0.322379564709477,0.00360590726950616
"Acanthis flammea","2012s",7,0.9,0.889,0.01,1.06742103888061,1.04739564499069,0.764987777992054,0.764988455787081,0.0200253938899229,-6.77795026771122e-07
"Acanthis flammea","2018s",7,0.744,0.732,0.012,2.95316635220878,2.89846448303309,0.719409870526442,0.71863791737275,0.0547018691756929,0.000771953153692717
"Anthus pratensis","2000s",6,0.997,0.991,0.006,0.316192498242783,0.319979142000828,0.768446002049205,0.773181787928038,-0.00378664375804488,-0.00473578587883305
"Anthus pratensis","2006s",7,0.51,0.505,0.005,22.8613466161062,23.003701505301,0.707477415907036,0.705608959190948,-0.142354889194763,0.00186845671608815
"Anthus pratensis","2012s",7,0.407,0.359,0.048,28.4654829285636,30.2434650305636,0.723220205705243,0.736053553735251,-1.77798210200001,-0.0128333480300079
"Anthus pratensis","2018s",7,0.406,0.342,0.064,72.6730030719797,67.0355007665834,0.787979066420122,0.796478998121541,5.63750230539637,-0.00849993170141849
"Anthus trivialis","2000s",6,0.297,0.266,0.032,110.860965957643,106.779716852729,0.603625227136531,0.606905234017953,4.08124910491401,-0.00328000688142249
"Anthus trivialis","2006s",7,0.382,0.327,0.055,11.0363304861337,11.8116805252605,0.65995929336349,0.66420603688839,-0.775350039126781,-0.00424674352489984
"Anthus trivialis","2012s",7,0.324,0.29,0.034,6.91111970936316,7.19963803338504,0.590019142105804,0.593115495158801,-0.288518324021887,-0.00309635305299738
"Anthus trivialis","2018s",7,0.474,0.472,0.002,5.53541517304976,5.52021300579031,0.576850168656823,0.578092318865351,0.0152021672594476,-0.00124215020852869
"Cuculus canorus","2000s",6,0.997,0.99,0.007,0.180610117088031,0.18301067241674,0.711913656999024,0.718380051540862,-0.00240055532870889,-0.00646639454183717
"Cuculus canorus","2006s",7,0.424,0.403,0.022,11.1210762937156,10.8207622398244,0.65896986297365,0.652596659215085,0.300314053891245,0.00637320375856509
"Cuculus canorus","2012s",7,0.302,0.297,0.005,11.8994773905274,11.9727734461746,0.615219757885352,0.605976560490161,-0.0732960556471731,0.00924319739519075
"Cuculus canorus","2018s",7,0.309,0.248,0.061,13.1298039459298,12.2224972650846,0.574532674683428,0.570992185699109,0.907306680845288,0.00354048898431891
"Erithacus rubecula","2000s",6,0.21,0.181,0.029,71.2494403882136,73.604878059946,0.564387812222769,0.571599296374691,-2.35543767173237,-0.00721148415192174
"Erithacus rubecula","2006s",7,0.399,0.327,0.072,11.1652231856197,10.2057903160676,0.683835089981731,0.67354081766142,0.959432869552115,0.0102942723203113
"Erithacus rubecula","2012s",7,0.576,0.477,0.099,2.21697541188555,1.92869469090627,0.591788096352696,0.588523112918983,0.288280720979284,0.0032649834337134
"Erithacus rubecula","2018s",7,0.494,0.494,0,7.3457831494311,7.34237010620882,0.603458398580635,0.591293558530357,0.00341304322228453,0.012164840050278
"Ficedula hypoleuca","2000s",6,0.253,0.192,0.061,309.981014083773,332.507832596035,0.695401142264919,0.700583145017818,-22.5268185122613,-0.00518200275289971
"Ficedula hypoleuca","2006s",7,0.31,0.304,0.006,38.5894458781808,38.3286463202155,0.73782540068421,0.732856304057898,0.260799557965306,0.00496909662631284
"Ficedula hypoleuca","2012s",7,0.5,0.465,0.035,2.65707950506082,2.78391047473177,0.547687904603122,0.553617549027463,-0.126830969670945,-0.00592964442434052
"Ficedula hypoleuca","2018s",7,0.428,0.36,0.068,8.27358138900609,7.58980453968949,0.573472776729686,0.560230006324392,0.6837768493166,0.0132427704052938
"Fringilla coelebs","2000s",6,0.258,0.23,0.027,120.90078720138,117.149683719936,0.670017922050485,0.661724880756346,3.75110348144487,0.00829304129413955
"Fringilla coelebs","2006s",7,0.36,0.288,0.072,12.878034829495,14.0523530620564,0.655715349214443,0.662520790315993,-1.1743182325614,-0.00680544110155057
"Fringilla coelebs","2012s",7,0.632,0.404,0.228,1.79088221770341,2.50610834452877,0.593207710154556,0.597534637046556,-0.715226126825356,-0.00432692689199932
"Fringilla coelebs","2018s",7,0.584,0.549,0.035,3.4076463397798,3.24249704124659,0.598397485901523,0.594200242167148,0.165149298533217,0.00419724373437591
"Fringilla montifringilla","2000s",6,0.236,0.223,0.012,444.614070848556,450.855098928016,0.774342205373619,0.775671376581084,-6.24102807945917,-0.00132917120746512
"Fringilla montifringilla","2006s",6,0.424,0.413,0.011,111.831450947804,110.292895567637,0.684080035019502,0.681003635767789,1.53855538016676,0.00307639925171388
"Fringilla montifringilla","2012s",7,0.705,0.705,0,1.85621042819764,1.8568262098213,0.714026786249608,0.71577799531873,-0.000615781623666045,-0.0017512090691213
"Fringilla montifringilla","2018s",7,0.692,0.673,0.019,1.83002519031891,1.88382190269082,0.672136284058412,0.678401819395624,-0.0537967123719096,-0.0062655353372123
"Gallinago gallinago","2000s",6,0.203,0.165,0.038,1580.55941415146,1515.68337692233,0.764702663775963,0.761303750127377,64.8760372291292,0.00339891364858613
"Gallinago gallinago","2006s",7,0.439,0.431,0.008,25.4461706777351,25.7184252665999,0.705357994469851,0.700599445631155,-0.272254588864829,0.00475854883869642
"Gallinago gallinago","2012s",7,0.637,0.629,0.008,7.30190691463002,7.22191952754515,0.725865360882623,0.72922309402429,0.0799873870848664,-0.00335773314166699
"Gallinago gallinago","2018s",7,0.433,0.414,0.019,20.694322761121,20.1863781473072,0.703437449438843,0.703813892740201,0.507944613813788,-0.00037644330135822
"Motacilla flava","2000s",6,0.997,0.993,0.003,0.269337742492373,0.271186216343056,0.719465891511696,0.72127823423852,-0.00184847385068287,-0.00181234272682484
"Motacilla flava","2006s",6,0.208,0.14,0.068,632.155211422211,586.040420640494,0.665748548316295,0.664525129890544,46.1147907817173,0.00122341842575158
"Motacilla flava","2012s",7,0.928,0.846,0.082,0.34616906031605,0.403264105333147,0.70743718584015,0.707884367839101,-0.0570950450170977,-0.000447181998951551
"Motacilla flava","2018s",7,0.341,0.311,0.03,35.042191611335,36.3217438846295,0.719719304541607,0.71899253134883,-1.27955227329448,0.000726773192777475
"Muscicapa striata","2000s",6,0.255,0.253,0.002,131.201212853654,130.920646382838,0.666850008061946,0.670038498304416,0.280566470816012,-0.00318849024247003
"Muscicapa striata","2006s",7,0.332,0.307,0.025,23.6608105554598,22.9563962752621,0.678772980124058,0.675744775646362,0.704414280197707,0.00302820447769514
"Muscicapa striata","2012s",7,0.353,0.229,0.124,13.1016479549416,11.2669905522459,0.608286781266614,0.606616356395456,1.83465740269561,0.00167042487115765
"Muscicapa striata","2018s",7,0.471,0.424,0.046,4.75542767568445,4.47532979300848,0.590075227477284,0.579753036844785,0.280097882675977,0.010322190632499
"Phoenicurus phoenicurus","2000s",6,0.997,0.984,0.012,0.212508510949998,0.207439551607458,0.736998668309781,0.717991163120632,0.00506895934254045,0.0190075051891491
"Phoenicurus phoenicurus","2006s",7,0.803,0.799,0.004,1.14368577958096,1.15104253042757,0.665340874007848,0.666046924129084,-0.00735675084660836,-0.000706050121236368
"Phoenicurus phoenicurus","2012s",7,0.532,0.523,0.009,2.42629694309298,2.39726723933631,0.601929350257417,0.601734456699932,0.0290297037566787,0.000194893557485143
"Phoenicurus phoenicurus","2018s",7,0.331,0.314,0.017,7.18389091270329,7.03620773899489,0.594333725496562,0.595330973599056,0.147683173708407,-0.000997248102493797
"Phylloscopus trochilus","2000s",6,0.239,0.226,0.013,626.698328552338,636.369585301727,0.781096280916174,0.778764597622178,-9.67125674938893,0.00233168329399613
"Phylloscopus trochilus","2006s",7,0.346,0.329,0.017,28.2626696297879,27.6881612457683,0.721355957453614,0.723524355016926,0.574508384019527,-0.00216839756331222
"Phylloscopus trochilus","2012s",7,0.336,0.311,0.024,17.2727273307429,17.7885001267756,0.713549646248987,0.702539834040997,-0.515772796032682,0.0110098122079906
"Phylloscopus trochilus","2018s",7,0.278,0.233,0.046,25.8230475480825,24.4824864986876,0.665964736776977,0.663450796920816,1.34056104939495,0.00251393985616033
"Pluvialis apricaria","2000s",5,0.067,0.063,0.004,27022.3870775324,26915.1087775642,0.868431965159638,0.869541235489939,107.278299968166,-0.00110927033030139
"Pluvialis apricaria","2006s",6,0.171,0.135,0.036,1362.33694663535,1309.40930541839,0.745985674779837,0.740906279310869,52.9276412169631,0.00507939546896863
"Pluvialis apricaria","2012s",5,0.25,0.235,0.015,1577.3691082266,1603.88650601506,0.750749384877578,0.74596287371577,-26.5173977884638,0.00478651116180862
"Pluvialis apricaria","2018s",6,0.579,0.571,0.008,300.622620164303,304.00085014403,0.80783605335778,0.793024433170965,-3.37822997972677,0.0148116201868148
"Poecile cinctus","2000s",5,0.063,0.056,0.007,20165.9543646526,20320.5554950494,0.765529245260629,0.773872472404752,-154.601130396812,-0.00834322714412272
"Poecile cinctus","2012s",4,0.047,0.047,0,20600.8840168418,20595.9446307131,0.656940826253295,0.658564782657445,4.93938612870988,-0.00162395640415092
"Poecile cinctus","2018s",4,0.043,0.043,0,59277.5238738472,59279.8212437357,0.788526812910641,0.782736426216382,-2.29736988850345,0.00579038669425913
"Poecile montanus","2000s",6,0.325,0.309,0.017,85.6816763564098,87.4284866639065,0.630822482012828,0.635584255710588,-1.74681030749669,-0.00476177369776032
"Poecile montanus","2006s",7,0.376,0.356,0.02,10.1961655936332,9.95416858964641,0.653945203471231,0.660934399915926,0.241997003986805,-0.00698919644469431
"Poecile montanus","2012s",7,0.709,0.699,0.01,1.86572419271017,1.83607901611716,0.642597230625212,0.637925644071926,0.0296451765930039,0.00467158655328603
"Poecile montanus","2018s",7,0.624,0.555,0.069,2.18459247620082,1.97622778506939,0.559060641089573,0.545160693434771,0.208364691131435,0.0138999476548016
"Pyrrhula pyrrhula","2000s",6,0.215,0.215,0,28.6392620520596,28.6337922181311,0.430098371326735,0.432415045068301,0.00546983392851885,-0.00231667374156619
"Pyrrhula pyrrhula","2006s",7,0.492,0.449,0.043,1.2563589852311,1.18608242821024,0.595438879018297,0.590636592132768,0.0702765570208572,0.00480228688552886
"Pyrrhula pyrrhula","2012s",7,0.437,0.41,0.027,4.81558327470156,4.98256886699383,0.644385688309133,0.639707208693078,-0.166985592292267,0.0046784796160545
"Pyrrhula pyrrhula","2018s",7,0.43,0.421,0.009,14.1535420084107,13.9894899492675,0.634283345914383,0.637403740824699,0.164052059143199,-0.00312039491031568
"Schoeniclus schoeniclus","2000s",6,0.21,0.185,0.025,1316.06388394266,1353.85852990209,0.761094334507068,0.762526024159946,-37.7946459594309,-0.00143168965287777
"Schoeniclus schoeniclus","2006s",7,0.287,0.279,0.008,91.7486473064434,92.5716109511255,0.709978905392166,0.711002163900374,-0.822963644682048,-0.00102325850820817
"Schoeniclus schoeniclus","2012s",7,0.445,0.416,0.028,103.04792410716,99.3510286172357,0.769240038957532,0.769302678621976,3.69689548992402,-6.26396644439753e-05
"Schoeniclus schoeniclus","2018s",7,0.231,0.204,0.028,278.813630698343,270.253697662048,0.768121115376041,0.76401960992372,8.55993303629424,0.00410150545232058
"Spinus spinus","2000s",6,0.239,0.23,0.008,101.564566211551,100.595247404042,0.550925419242582,0.544705003481391,0.969318807508188,0.00622041576119137
"Spinus spinus","2006s",7,0.42,0.375,0.044,7.10464822314102,7.51587287855317,0.639131651586945,0.647340304836829,-0.411224655412144,-0.00820865324988418
"Spinus spinus","2012s",7,0.314,0.272,0.043,4.08376254034226,3.88082217575841,0.544498757420369,0.538679173815829,0.202940364583848,0.00581958360454016
"Spinus spinus","2018s",7,0.31,0.288,0.022,10.5615970196888,10.8391870927124,0.580022534818592,0.578943933602382,-0.277590073023569,0.00107860121621006
"Tringa erythropus","2000s",4,0.047,0.043,0.004,108272.968415928,107876.337244302,0.898670200584865,0.912262974499719,396.631171625268,-0.0135927739148543
"Tringa erythropus","2006s",5,0.058,0.055,0.003,10708.3219266558,10740.8651855211,0.649579271288602,0.65942180989272,-32.5432588653021,-0.00984253860411777
"Tringa erythropus","2012s",4,0.053,0.044,0.009,47902.7814084512,48342.8048105763,0.776360208801202,0.782784430842967,-440.023402125044,-0.00642422204176452
"Tringa erythropus","2018s",5,0.071,0.061,0.01,18748.8003082429,18548.1657631779,0.826718748252347,0.826394800502981,200.634545065044,0.000323947749366171
"Tringa glareola","2000s",6,0.996,0.994,0.002,0.321238290978889,0.319888196485637,0.729899610433807,0.730159121621934,0.00135009449325146,-0.000259511188127393
"Tringa glareola","2006s",6,0.188,0.187,0.001,443.601799015186,443.318006892476,0.658986994531405,0.670103260556181,0.283792122710508,-0.0111162660247769
"Tringa glareola","2012s",7,0.794,0.774,0.02,1.35744301274812,1.31273730153294,0.707943713912096,0.709197124982989,0.044705711215179,-0.00125341107089372
"Tringa glareola","2018s",7,0.697,0.684,0.013,4.01389335205267,4.09741522629985,0.720615585643947,0.712050286792921,-0.0835218742471771,0.00856529885102641
"Tringa nebularia","2000s",6,0.312,0.299,0.013,670.526201231907,681.184393713011,0.799443010699156,0.80169538049768,-10.6581924811035,-0.00225236979852428
"Tringa nebularia","2006s",7,0.999,0.992,0.007,0.00406406561365136,0.00411959277029427,0.65633929958017,0.660430978308213,-5.55271566429101e-05,-0.00409167872804317
"Tringa nebularia","2012s",7,0.859,0.855,0.004,0.593208672687558,0.596944018040029,0.657494779891246,0.66399691699029,-0.00373534535247155,-0.00650213709904413
"Tringa nebularia","2018s",7,0.767,0.751,0.016,0.295839027041845,0.303703553282876,0.628581296337625,0.632069165806897,-0.00786452624103157,-0.00348786946927149
"Tringa ochropus","2000s",5,0.988,0.97,0.018,0.569086450368359,0.590219654782015,0.489533012444409,0.490060055038824,-0.0211332044136566,-0.000527042594415328
"Tringa ochropus","2006s",7,0.444,0.432,0.012,5.25495033284916,5.33586119386196,0.604657762586101,0.607822190821188,-0.0809108610128018,-0.00316442823508656
"Tringa ochropus","2012s",7,0.614,0.55,0.064,1.12866705299624,1.02918647850912,0.586659547053208,0.588057927720931,0.099480574487117,-0.00139838066772235
"Tringa ochropus","2018s",7,0.526,0.526,0,5.71107171870163,5.70821621306893,0.584242538629797,0.581689661283773,0.00285550563269865,0.00255287734602483
"Turdus iliacus","2000s",6,0.233,0.188,0.044,787.624553287676,828.14145262299,0.760880506976438,0.772179494091809,-40.5168993353144,-0.0112989871153711
"Turdus iliacus","2006s",7,0.316,0.284,0.032,39.1037597372449,37.6488454959909,0.720478723594437,0.723899990108421,1.45491424125406,-0.00342126651398367
"Turdus iliacus","2012s",7,0.343,0.338,0.005,44.1793675925278,43.9068460638115,0.729555248288884,0.726658272767027,0.272521528716275,0.00289697552185608
"Turdus iliacus","2018s",7,0.267,0.256,0.011,81.1988591365211,80.1548714960373,0.726115944367044,0.735327375477877,1.04398764048372,-0.009211431110833
"Turdus philomelos","2000s",5,0.098,0.091,0.007,2080.98234979426,2065.66493946707,0.584928703051645,0.562967100329212,15.3174103271913,0.0219616027224336
"Turdus philomelos","2006s",7,0.32,0.294,0.026,22.381992774611,21.6964564124852,0.643690087804619,0.643950343453779,0.685536362125752,-0.000260255649159991
"Turdus philomelos","2012s",7,0.277,0.248,0.028,11.3094680716603,10.9418009649195,0.603763657361002,0.601498677962052,0.367667106740742,0.00226497939894932
"Turdus philomelos","2018s",7,0.273,0.218,0.055,24.2384351032577,22.7413143444141,0.62648479584503,0.613750387674599,1.49712075884361,0.0127344081704308
"Turdus viscivorus","2000s",6,0.995,0.988,0.007,0.161626109105313,0.163952987040618,0.572831571433103,0.581852913376784,-0.00232687793530478,-0.0090213419436812
"Turdus viscivorus","2006s",7,0.614,0.551,0.064,2.02609381156305,1.8482499012768,0.626885572195703,0.620510302955571,0.177843910286249,0.00637526924013154
"Turdus viscivorus","2012s",7,0.422,0.417,0.005,5.10559419649838,5.13834894353426,0.571156351650617,0.572759567011037,-0.0327547470358844,-0.0016032153604203
"Turdus viscivorus","2018s",7,0.488,0.482,0.005,5.42510200658246,5.38768866805674,0.615818609907618,0.618933985665983,0.0374133385257194,-0.00311537575836496
"Certhia familiaris","2006s",7,0.474,0.443,0.031,1.80060013562213,1.72969261994287,0.666310128593971,0.663842706261104,0.0709075156792556,0.00246742233286756
"Certhia familiaris","2012s",7,0.604,0.532,0.072,3.60137606968271,3.9940507170683,0.640335574289837,0.647577313014335,-0.39267464738559,-0.00724173872449818
"Certhia familiaris","2018s",7,0.705,0.68,0.025,2.56218529972852,2.46592249490561,0.592055394822972,0.595562976853293,0.0962628048229166,-0.00350758203032142
"Corvus corax","2006s",7,0.999,0.994,0.005,0.00976791089891032,0.00966177784837353,0.687508970083942,0.684170476232487,0.000106133050536783,0.00333849385145435
"Corvus corax","2012s",7,0.472,0.447,0.024,12.019965656153,11.6468924639758,0.68985388519789,0.688401247036794,0.373073192177269,0.00145263816109642
"Corvus corax","2018s",7,0.417,0.342,0.074,16.6337457611549,15.1412806963365,0.637268170533622,0.634660133939913,1.49246506481844,0.00260803659370912
"Dendrocopos major","2000s",6,0.99,0.985,0.006,0.00112982522225623,0.00111708630624954,0.414478608428576,0.408466507087805,1.27389160066848e-05,0.0060121013407704
"Dendrocopos major","2006s",7,0.498,0.484,0.014,7.16331483844626,7.03209567436018,0.623850036377904,0.623199782902581,0.13121916408608,0.000650253475323437
"Dendrocopos major","2012s",7,0.597,0.558,0.038,2.05742942162205,2.17271436192381,0.583151101389424,0.588939846328585,-0.115284940301767,-0.00578874493916148
"Dendrocopos major","2018s",7,0.436,0.424,0.012,6.12303093180071,6.03230093858027,0.585381378631866,0.591537043529763,0.0907299932204362,-0.00615566489789643
"Loxia curvirostra","2006s",7,0.393,0.378,0.014,7.11243431948005,7.24047162566726,0.588284487016836,0.593452406490523,-0.128037306187204,-0.00516791947368778
"Loxia curvirostra","2012s",7,0.289,0.234,0.056,26.4903781084434,28.2741417809301,0.619819359513858,0.632228350144929,-1.78376367248674,-0.0124089906310708
"Loxia curvirostra","2018s",7,0.461,0.454,0.007,4.57060919984784,4.5266557154149,0.613187796373825,0.612123512317591,0.0439534844329401,0.00106428405623349
"Loxia leucoptera","2012s",4,0.042,0.039,0.002,29086.3694376258,29150.6138126403,0.674178181682768,0.667818569713755,-64.2443750145576,0.00635961196901247
"Loxia leucoptera","2018s",5,0.088,0.085,0.003,4607.40801864261,4591.74561852337,0.697034717130078,0.705226155689225,15.6624001192386,-0.00819143855914717
"Lyrurus tetrix","2006s",7,0.384,0.297,0.087,29.0780149467299,32.3903102426464,0.681467777027931,0.690257978444296,-3.31229529591653,-0.00879020141636477
"Lyrurus tetrix","2012s",7,0.625,0.596,0.029,1.08639445271595,1.04159397142604,0.645260330344873,0.644247611368855,0.0448004812899061,0.00101271897601807
"Lyrurus tetrix","2018s",7,0.749,0.735,0.014,0.792063585590005,0.809799684533187,0.586205055604264,0.585892286173209,-0.017736098943182,0.000312769431055071
"Parus major","2000s",6,0.47,0.416,0.054,80.8458114356714,86.7621108278052,0.693250783539038,0.701872941485938,-5.91629939213378,-0.00862215794689969
"Parus major","2006s",7,0.362,0.305,0.058,13.5745911553124,14.569201459674,0.665513877451547,0.665837288534829,-0.994610304361627,-0.00032341108328271
"Parus major","2012s",7,0.563,0.538,0.025,2.51739036394277,2.43086406842283,0.617812634187979,0.616853587543007,0.0865262955199397,0.000959046644971928
"Parus major","2018s",7,0.387,0.385,0.002,7.23097714949599,7.25158290285611,0.585575952409042,0.5809972937307,-0.0206057533601216,0.00457865867834228
"Perisoreus infaustus","2006s",5,0.072,0.063,0.01,6596.08138915168,6662.51050924654,0.64407302749628,0.63796498115226,-66.4291200948601,0.00610804634401974
"Perisoreus infaustus","2012s",5,0.428,0.419,0.008,244.696629288359,247.277897133568,0.569028540239896,0.565766340965551,-2.58126784520866,0.00326219927434479
"Perisoreus infaustus","2018s",4,0.043,0.042,0.001,28566.9515512509,28529.0356602538,0.669637862689259,0.671120471290745,37.9158909970938,-0.00148260860148575
"Picoides tridactylus","2006s",5,0.372,0.356,0.015,481.710099854106,472.821186783331,0.612896268579481,0.612311218255217,8.88891307077529,0.000585050324263925
"Picoides tridactylus","2012s",4,0.052,0.05,0.003,3409.83217226278,3418.60829991787,0.440971375486499,0.447834958620202,-8.77612765508684,-0.00686358313370261
"Picoides tridactylus","2018s",4,0.079,0.038,0.041,25285.5134412922,24236.8098553769,0.675912796129981,0.665028857608343,1048.70358591526,0.0108839385216385
"Tetrao urogallus","2006s",6,0.998,0.993,0.004,0.182171790399995,0.180544222788924,0.698873108272203,0.69503585256688,0.00162756761107113,0.00383725570532345
"Tetrao urogallus","2012s",5,0.402,0.401,0.001,72.1861784903591,72.0640517962314,0.529792159643043,0.528351744036104,0.122126694127644,0.00144041560693942
"Tetrao urogallus","2018s",6,0.65,0.623,0.026,4.98482837543858,5.18131734413077,0.538355663456523,0.543913289398179,-0.196488968692188,-0.00555762594165543
"Tetrastes bonasia","2006s",7,0.996,0.994,0.002,0.00064815280282269,0.000650197176235984,0.555070056478331,0.561814050682795,-2.04437341329354e-06,-0.00674399420446392
"Tetrastes bonasia","2012s",7,0.604,0.592,0.012,1.63411418208659,1.66205222042915,0.615103706048412,0.614062848621734,-0.0279380383425656,0.00104085742667781
"Tetrastes bonasia","2018s",6,0.744,0.74,0.005,4.79834465175738,4.76251907519753,0.569846838410448,0.56209044901298,0.0358255765598487,0.00775638939746837
"Bombycilla garrulus","2006s",6,0.332,0.315,0.017,171.388150512839,174.849302508581,0.654260941129386,0.660690929840684,-3.46115199574254,-0.00642998871129774
"Bombycilla garrulus","2012s",7,0.783,0.678,0.106,0.263315682430082,0.313387812799065,0.598837263367411,0.615360345986588,-0.0500721303689839,-0.0165230826191767
"Bombycilla garrulus","2018s",6,0.549,0.531,0.018,21.2207492793833,21.7648979432901,0.647212831286934,0.65923075141377,-0.544148663906732,-0.0120179201268363
"Grus grus","2006s",7,0.295,0.235,0.06,48.8609945240213,52.4176178606153,0.64549586457894,0.648324707766996,-3.55662333659394,-0.00282884318805665
"Grus grus","2012s",6,0.305,0.27,0.035,204.978894793397,213.51058966786,0.644287150752125,0.633325768288372,-8.531694874463,0.0109613824637532
"Grus grus","2018s",7,0.25,0.192,0.059,47.8394058147651,51.1502778983221,0.609913189155445,0.620185771410475,-3.310872083557,-0.0102725822550301
"Loxia pytyopsittacus","2006s",6,0.996,0.986,0.01,0.135910592346153,0.133114053754597,0.605716327159839,0.609888578854954,0.00279653859155624,-0.00417225169511504
"Loxia pytyopsittacus","2012s",5,0.163,0.135,0.028,1010.99966342896,981.000615741391,0.605798017164653,0.614745956697841,29.9990476875718,-0.00894793953318784
"Loxia pytyopsittacus","2018s",7,0.856,0.845,0.011,0.139162152815546,0.136489521945131,0.621345272750043,0.620417125985092,0.00267263087041578,0.000928146764950677
"Prunella modularis","2006s",7,0.403,0.349,0.054,16.99585066115,15.8804347389317,0.718703429299406,0.711390710457047,1.11541592221831,0.00731271884235851
"Prunella modularis","2012s",7,0.373,0.369,0.004,7.37178420547069,7.33732356044817,0.624803404787584,0.621903317994103,0.0344606450225191,0.00290008679348097
"Prunella modularis","2018s",7,0.427,0.382,0.045,12.1263563556989,11.4500827662788,0.614637788231737,0.613318443866703,0.676273589420145,0.00131934436503367
"Regulus regulus","2006s",7,0.554,0.504,0.049,2.39981967806557,2.56834212474761,0.582551292336155,0.590183943403408,-0.168522446682044,-0.00763265106725353
"Regulus regulus","2012s",7,0.546,0.52,0.026,4.6100035513122,4.44938751705729,0.621047830010895,0.621295523225988,0.160616034254918,-0.000247693215092992
"Regulus regulus","2018s",7,0.636,0.622,0.014,2.83696469775655,2.89617876517189,0.600244577309139,0.594870161858399,-0.0592140674153416,0.00537441545074024
"Dryocopus martius","2006s",7,0.997,0.972,0.025,0.00093328791574582,0.000887243867867301,0.610169552708485,0.607886055485662,4.60440478785188e-05,0.00228349722282317
"Dryocopus martius","2012s",7,0.639,0.463,0.177,0.795443671418877,1.03300601354088,0.579492663868757,0.606865777533073,-0.237562342122005,-0.0273731136643157
"Dryocopus martius","2018s",7,0.3,0.287,0.014,34.0110272942918,34.5585188596757,0.610082966047743,0.608237184667048,-0.547491565383901,0.00184578138069558
"Saxicola rubetra","2006s",6,0.151,0.124,0.027,580.949794797561,598.149773207713,0.62160128691971,0.613873137976509,-17.1999784101522,0.00772814894320017
"Saxicola rubetra","2012s",7,0.35,0.319,0.031,22.5474957607106,23.4114381037987,0.61119321016812,0.617505276203304,-0.863942343088109,-0.00631206603518342
"Saxicola rubetra","2018s",7,0.613,0.604,0.009,10.0069810213917,9.87857411519594,0.659665075115718,0.659043624706043,0.128406906195769,0.000621450409674429
"Troglodytes troglodytes","2006s",6,0.237,0.211,0.027,34.1409894834673,35.188730803587,0.552949038485817,0.554643095166054,-1.04774132011965,-0.00169405668023759
"Troglodytes troglodytes","2012s",7,0.461,0.402,0.059,7.06766924903706,6.54877416740214,0.62046011583573,0.619501282985322,0.518895081634922,0.000958832850408098
"Troglodytes troglodytes","2018s",6,0.14,0.136,0.004,346.965600606262,348.591359120941,0.662131902103672,0.662289442410876,-1.62575851467932,-0.000157540307203607
"Acrocephalus schoenobaenus","2000s",5,0.057,0.057,0,40096.8207057664,40082.170979604,0.852577258991055,0.851967264413031,14.6497261623517,0.000609994578024797
"Acrocephalus schoenobaenus","2006s",7,0.239,0.151,0.089,290.684655816536,321.487299555821,0.669113021940315,0.691335321224102,-30.8026437392852,-0.0222222992837863
"Acrocephalus schoenobaenus","2012s",7,0.211,0.209,0.002,466.402437121517,465.243629355611,0.82305321871653,0.82716470758351,1.15880776590615,-0.00411148886698043
"Acrocephalus schoenobaenus","2018s",6,0.152,0.144,0.009,569.914501017242,575.346877352713,0.670079071770971,0.667205569348967,-5.43237633547074,0.00287350242200413
"Alauda arvensis","2006s",6,0.094,0.08,0.014,1139.33281082327,1156.0127860239,0.630070556981509,0.634483978231617,-16.6799752006225,-0.00441342125010713
"Alauda arvensis","2012s",6,0.15,0.104,0.047,562.51504675576,534.795092406544,0.587820365668482,0.58360858432855,27.7199543492163,0.00421178133993194
"Alauda arvensis","2018s",7,0.298,0.273,0.025,142.848031032901,147.154130228852,0.640875777095542,0.648898982876454,-4.30609919595116,-0.00802320578091231
"Chloris chloris","2006s",7,0.293,0.29,0.003,225.894741975582,224.993817563772,0.764315628012612,0.765627671258781,0.900924411810109,-0.00131204324616874
"Chloris chloris","2012s",5,0.257,0.236,0.02,1118.91203697415,1092.93483662764,0.681440748232707,0.678406239837076,25.9772003465175,0.00303450839563058
"Chloris chloris","2018s",7,0.491,0.49,0,32.938827446771,32.9324866868206,0.678128999556709,0.688186776015921,0.00634075995034067,-0.0100577764592126
"Columba palumbus","2000s",5,0.075,0.074,0.001,3184.40094966082,3187.3334804074,0.668133581448313,0.674389173165593,-2.93253074658605,-0.00625559171727985
"Columba palumbus","2006s",7,0.532,0.505,0.027,5.55743992682856,5.76391968835484,0.680347568760511,0.687422156716059,-0.206479761526282,-0.00707458795554816
"Columba palumbus","2012s",7,0.505,0.486,0.019,9.07910553218306,8.8562748950304,0.648729446251051,0.652548736129686,0.222830637152663,-0.00381928987863489
"Columba palumbus","2018s",7,0.473,0.464,0.008,12.5942229736142,12.459506262748,0.637294044856533,0.631782665732097,0.134716710866256,0.00551137912443656
"Curruca curruca","2006s",7,0.435,0.424,0.011,19.5216344029473,19.2374531981617,0.693629245523264,0.69859128455833,0.284181204785618,-0.00496203903506565
"Curruca curruca","2012s",7,0.871,0.87,0.001,0.755780209388144,0.75676479554431,0.683227360868103,0.687578736675981,-0.000984586156165479,-0.00435137580787814
"Curruca curruca","2018s",7,0.65,0.588,0.061,5.46677368995709,5.98794286343521,0.618473458902791,0.622988123545981,-0.521169173478118,-0.00451466464319006
"Cyanistes caeruleus","2006s",7,0.276,0.271,0.005,133.4417845668,132.68511458322,0.781602136983437,0.773228121453324,0.756669983580025,0.00837401553011263
"Cyanistes caeruleus","2012s",7,0.595,0.489,0.106,4.95186590583276,4.26006200675612,0.683342518276682,0.674888949327023,0.691803899076639,0.00845356894965876
"Cyanistes caeruleus","2018s",7,0.677,0.636,0.04,5.25091002975891,4.94158974645956,0.634967727751712,0.637367605388189,0.309320283299357,-0.00239987763647653
"Emberiza citrinella","2006s",7,0.418,0.407,0.011,108.643520553074,107.172217805601,0.723573140087991,0.725646519246488,1.47130274747293,-0.00207337915849648
"Emberiza citrinella","2012s",7,0.454,0.453,0.001,21.6574237794251,21.6325749948789,0.646077309494173,0.64590508794265,0.0248487845462328,0.000172221551523077
"Emberiza citrinella","2018s",6,0.139,0.129,0.011,806.304225570917,797.172077071996,0.663672990951468,0.662434156426067,9.13214849892131,0.00123883452540186
"Erythrina erythrina","2006s",7,0.322,0.283,0.039,37.4979522372691,39.3043165095479,0.608396491465649,0.610171397874536,-1.80636427227884,-0.00177490640888689
"Erythrina erythrina","2012s",7,0.728,0.65,0.078,8.67803978171919,7.67458348375765,0.68392409301158,0.668574604542731,1.00345629796153,0.0153494884688493
"Erythrina erythrina","2018s",7,0.713,0.709,0.004,14.1797567599613,14.2583032418026,0.646166542452259,0.647910189779194,-0.0785464818413217,-0.0017436473269351
"Numenius arquata","2006s",7,0.378,0.35,0.028,24.82912463242,23.9909615622967,0.705640565279715,0.702278023335497,0.838163070123343,0.00336254194421826
"Numenius arquata","2012s",7,0.685,0.67,0.014,1.63289260951273,1.5974532285425,0.608750383877433,0.603310441094731,0.0354393809702309,0.00543994278270232
"Numenius arquata","2018s",7,0.415,0.363,0.051,30.2166645429169,32.2453178480322,0.638400130114312,0.636901934786157,-2.02865330511534,0.00149819532815554
"Pica pica","2006s",7,0.261,0.253,0.008,120.51635808535,121.647789792184,0.66935417721547,0.665444219154324,-1.13143170683406,0.0039099580611458
"Pica pica","2012s",7,0.463,0.441,0.021,122.866407905196,119.48609998896,0.726398576853902,0.728014080052409,3.38030791623601,-0.00161550319850734
"Pica pica","2018s",7,0.25,0.218,0.033,227.232675665323,235.851432267512,0.721655269629398,0.72575394832252,-8.61875660218845,-0.00409867869312208
"Sylvia borin","2000s",6,0.263,0.218,0.046,319.987640292464,337.259323275493,0.69377298359848,0.703717626771743,-17.2716829830284,-0.00994464317326249
"Sylvia borin","2006s",7,0.278,0.264,0.014,185.410551412429,188.473446205794,0.786532210628704,0.782515782483027,-3.06289479336476,0.00401642814567704
"Sylvia borin","2012s",7,0.522,0.514,0.008,11.8304722446204,11.6954331010562,0.698236320260897,0.694028551705026,0.135039143564196,0.00420776855587124
"Sylvia borin","2018s",7,0.514,0.476,0.038,9.62925462400315,10.1405902852178,0.631683641880969,0.637859200895481,-0.511335661214664,-0.00617555901451217
"Tringa totanus","2006s",6,0.198,0.191,0.007,664.79406413227,669.728265699443,0.821205899758464,0.816790907911276,-4.93420156717309,0.00441499184718896
"Tringa totanus","2018s",5,0.06,0.058,0.002,22543.3020786784,22584.2036893364,0.737502337646391,0.743596799005263,-40.9016106580093,-0.00609446135887171
"Turdus merula","2006s",7,0.328,0.277,0.051,42.4354945943088,39.929932252771,0.738613879899355,0.733231640156345,2.50556234153771,0.00538223974300966
"Turdus merula","2012s",7,0.511,0.506,0.005,12.5546003277408,12.4740454240047,0.688005084317627,0.69015310190372,0.0805549037360471,-0.00214801758609351
"Turdus merula","2018s",7,0.498,0.473,0.025,10.2681195164826,10.6138053226963,0.625730954047099,0.628350802138953,-0.345685806213661,-0.00261984809185378
"Turdus pilaris","2000s",6,0.185,0.18,0.005,1248.16837485758,1255.72724850691,0.783338311879658,0.782099668275426,-7.55887364932869,0.00123864360423165
"Turdus pilaris","2006s",7,0.252,0.221,0.03,125.384159876023,129.805778647652,0.751523178220608,0.752751770048005,-4.4216187716294,-0.00122859182739654
"Turdus pilaris","2012s",7,0.304,0.282,0.023,55.2950585252335,53.8421965299196,0.696191795415127,0.689322382101137,1.45286199531397,0.00686941331399027
"Turdus pilaris","2018s",7,0.245,0.236,0.008,136.827362946067,138.110870510537,0.718927145801117,0.724021343682822,-1.28350756446991,-0.00509419788170451
"Vanellus vanellus","2006s",7,0.317,0.317,0,15.5780472593663,15.5700031934157,0.60533374701002,0.607820218060453,0.00804406595056051,-0.00248647105043343
"Vanellus vanellus","2012s",5,0.201,0.2,0.001,288.439512088637,288.901144117489,0.557096750988253,0.559973509799048,-0.461632028851966,-0.00287675881079485
"Vanellus vanellus","2018s",7,0.579,0.559,0.02,10.3270605331996,10.6208757496432,0.644278421631923,0.642946779490038,-0.293815216443553,0.00133164214188497
"Curruca communis","2012s",7,0.782,0.772,0.01,7.88780842467294,7.75527076919407,0.791290852625565,0.791810775401726,0.132537655478861,-0.000519922776161197
"Curruca communis","2018s",7,0.667,0.653,0.013,8.36024736453428,8.19296526058101,0.739217572339802,0.737535311105635,0.167282103953271,0.00168226123416637
"Motacilla alba","2000s",6,0.281,0.271,0.01,689.163485757079,697.044642324536,0.803565563389055,0.794558211969326,-7.88115656745674,0.00900735141972908
"Motacilla alba","2006s",7,0.28,0.234,0.046,54.1792278534044,57.1295834242399,0.688172143703869,0.692251978434718,-2.95035557083546,-0.00407983473084927
"Motacilla alba","2012s",7,0.924,0.888,0.036,0.313769782593999,0.335697989275686,0.750139667449323,0.753755440384391,-0.0219282066816871,-0.00361577293506854
"Motacilla alba","2018s",7,0.386,0.386,0,27.1389490864191,27.133803580008,0.641519846927909,0.641310283440293,0.00514550641112521,0.000209563487615805
"Phylloscopus collybita","2006s",7,0.53,0.524,0.006,4.40760671278407,4.44364871102016,0.6926841270537,0.69751214208517,-0.036041998236092,-0.0048280150314699
"Phylloscopus collybita","2012s",7,0.474,0.363,0.111,5.07434956883362,4.38758417927314,0.614253667599098,0.608430616626637,0.686765389560481,0.00582305097246028
"Phylloscopus collybita","2018s",7,0.454,0.419,0.035,11.4894082349573,12.0238507119686,0.634411368408611,0.6362740441726,-0.534442477011268,-0.00186267576398902
"Rhadina sibilatrix","2006s",7,0.457,0.452,0.005,19.3301855474222,19.4578503260982,0.748709603114865,0.745641587285021,-0.12766477867601,0.00306801582984406
"Rhadina sibilatrix","2012s",7,0.231,0.224,0.006,73.6002609331161,74.1229882159292,0.664984448531183,0.666306380499119,-0.522727282813108,-0.00132193196793595
"Rhadina sibilatrix","2018s",7,0.33,0.327,0.003,16.5879398304506,16.5246374080879,0.617591721487579,0.61325481944445,0.0633024223626961,0.00433690204312898
"Actitis hypoleucos","2000s",5,0.076,0.056,0.02,38392.926439124,39179.5198980758,0.89275248925324,0.900332354816979,-786.593458951837,-0.00757986556373857
"Actitis hypoleucos","2006s",7,0.835,0.827,0.007,4.22888569686293,4.28258872108058,0.84736005411461,0.84214899705013,-0.0537030242176515,0.00521105706448011
"Actitis hypoleucos","2012s",7,0.751,0.73,0.021,14.0605206710361,14.5461398747862,0.884079126513229,0.876075726535024,-0.485619203750026,0.00800339997820465
"Actitis hypoleucos","2018s",7,0.539,0.514,0.025,5.84343238630272,5.6434512686254,0.620395948801554,0.622424676775603,0.199981117677324,-0.00202872797404918
"Hirundo rustica","2006s",7,0.37,0.359,0.011,31.6796492233589,32.101782981702,0.73562809733125,0.73447681090205,-0.422133758343179,0.00115128642920004
"Hirundo rustica","2012s",7,0.676,0.666,0.009,5.96602513739154,5.88134645234295,0.648541602529717,0.648937279360632,0.0846786850485923,-0.000395676830915237
"Hirundo rustica","2018s",7,0.419,0.399,0.02,22.9264023764414,22.3575157170617,0.646020631992516,0.647346245858799,0.568886659379697,-0.00132561386628283
"Seicercus trochiloides","2012s",7,0.457,0.456,0.001,10.3050443060715,10.2899097301688,0.680683805301002,0.682843795327734,0.0151345759026142,-0.00215999002673128
"Seicercus trochiloides","2018s",7,0.473,0.457,0.016,32.7569269383253,32.0660017645918,0.679752597317091,0.68196352969894,0.69092517373349,-0.00221093238184966
"Sylvia atricapilla","2012s",7,0.527,0.527,0,12.7600808849064,12.7592094177391,0.70284458014028,0.708195987664742,0.000871467167300466,-0.00535140752446195
"Sylvia atricapilla","2018s",7,0.57,0.515,0.055,6.65150198444568,7.1883250959022,0.58929527253243,0.592181596805644,-0.536823111456513,-0.00288632427321422
"Sturnus vulgaris","2012s",7,0.541,0.531,0.01,19.5937522886388,19.3149488572304,0.828287799682687,0.830555601703883,0.278803431408445,-0.00226780202119636
"Sturnus vulgaris","2018s",6,0.281,0.281,0,483.740140268852,483.881564128899,0.793754838609985,0.789466075775773,-0.141423860046643,0.0042887628342122
"Lophophanes cristatus","2000s",4,0.045,0.039,0.006,5126.6607351999,5094.94925076096,0.424402711468762,0.424260643925511,31.7114844389407,0.000142067543251356
"Lophophanes cristatus","2006s",6,0.338,0.325,0.013,42.753915917587,43.443532765242,0.587943348797564,0.59221122448938,-0.689616847655046,-0.00426787569181641
"Lophophanes cristatus","2012s",7,0.627,0.541,0.086,1.68709349794651,1.48787579726107,0.616445232692069,0.613746858529002,0.199217700685438,0.00269837416306618
"Lophophanes cristatus","2018s",7,0.427,0.418,0.008,11.085475007872,10.9715756754799,0.585548382342096,0.597168092065817,0.113899332392137,-0.0116197097237208
"Numenius phaeopus","2000s",6,0.997,0.994,0.003,0.580018137061906,0.576917325346529,0.749226242661036,0.733517806403785,0.00310081171537735,0.0157084362572509
"Numenius phaeopus","2006s",6,0.137,0.114,0.023,1799.20886893357,1754.44456152295,0.703936469477297,0.696302841176628,44.7643074106222,0.00763362830066938
"Numenius phaeopus","2012s",5,0.298,0.272,0.026,1554.27243797093,1507.50280817885,0.727719670185154,0.715726256203026,46.7696297920816,0.0119934139821282
"Numenius phaeopus","2018s",5,0.094,0.069,0.025,8177.38762828586,7964.1556242114,0.779681326185669,0.775879846490794,213.232004074453,0.00380147969487499
"Jynx torquilla","2006s",6,0.447,0.444,0.004,668.806634551143,665.659202374166,0.790934677556199,0.7898307375444,3.14743217697776,0.00110394001179914
"Jynx torquilla","2012s",5,0.093,0.076,0.017,982.05199686839,1000.01385997384,0.487232420976347,0.485840809779655,-17.9618631054543,0.00139161119669162
"Jynx torquilla","2018s",5,0.177,0.167,0.01,2563.71756795472,2536.07608358953,0.7585299952858,0.75813639269101,27.6414843651983,0.000393602594790377
"Periparus ater","2006s",6,0.301,0.266,0.035,31.7927693380139,33.1350491088789,0.548566542095665,0.54596473538085,-1.34227977086505,0.00260180671481502
"Periparus ater","2012s",7,0.595,0.592,0.003,5.52533190269241,5.54781786068922,0.722051602390427,0.711385688976188,-0.0224859579968184,0.0106659134142386
"Periparus ater","2018s",6,0.153,0.135,0.018,343.443827963693,336.86951737945,0.673913656700563,0.677823371750764,6.57431058424385,-0.00390971505020088
"Columba oenas","2012s",6,0.13,0.116,0.015,5057.13307528458,4978.40365476924,0.847583039949549,0.844476023974414,78.7294205153403,0.00310701597513474
"Scolopax rusticola","2012s",5,0.16,0.157,0.003,3865.35538383648,3854.19950873181,0.874205510870014,0.871264351910571,11.1558751046755,0.00294115895944314
"Scolopax rusticola","2018s",6,0.292,0.255,0.037,36.7362949213883,35.1838367858889,0.576775117266192,0.56980971574345,1.55245813549946,0.00696540152274194
"Apus apus","2006s",5,0.449,0.431,0.018,564.621295064814,578.065781952768,0.68146315500954,0.684574520089896,-13.444486887954,-0.0031113650803557
"Apus apus","2012s",7,0.732,0.72,0.012,0.191806767015444,0.188309361553942,0.564532627461743,0.554423495003195,0.00349740546150218,0.0101091324585474
"Apus apus","2018s",6,0.527,0.516,0.011,2.38158469863879,2.34764049390416,0.45470445467458,0.450407439933641,0.0339442047346274,0.00429701474093885
"Lagopus lagopus","2006s",5,0.056,0.053,0.003,19942.1336460162,20008.6537860163,0.780331386886005,0.775931033676075,-66.5201400001242,0.00440035320993004
"Lagopus lagopus","2012s",4,0.048,0.044,0.004,48932.864931443,49110.8552585207,0.759912103745867,0.764455265961685,-177.990327077729,-0.00454316221581885
"Lagopus lagopus","2018s",5,0.202,0.192,0.01,3010.10566103566,3045.45520525274,0.79922177673786,0.797110528351769,-35.3495442170706,0.00211124838609122
"Lanius excubitor","2012s",4,0.045,0.043,0.001,47854.7719704555,47921.6075282409,0.732771709113402,0.7306412089378,-66.83555778546,0.0021305001756019
"Lanius excubitor","2018s",5,0.126,0.11,0.015,1653.27396344845,1626.3791084826,0.599897085901553,0.606216155976258,26.8948549658494,-0.00631907007470489
"Oenanthe oenanthe","2006s",5,0.077,0.063,0.015,12520.6353942276,12713.0745512058,0.833188085337309,0.838914013648556,-192.439156978178,-0.00572592831124719
"Oenanthe oenanthe","2012s",5,0.078,0.06,0.018,16921.1197760993,16603.0317686889,0.819082906048884,0.808195385749709,318.088007410366,0.0108875202991753
"Oenanthe oenanthe","2018s",5,0.062,0.059,0.003,13890.9685275827,13848.5871202528,0.679312707722386,0.673719044443835,42.3814073298945,0.00559366327855104
"Pandion haliaetus","2012s",5,0.471,0.453,0.018,425.358991109893,435.461660738002,0.654151565366807,0.65584537018563,-10.102669628109,-0.00169380481882264
"Pandion haliaetus","2018s",6,0.185,0.174,0.011,398.640161570883,393.912539113153,0.609155524796487,0.612251319994398,4.72762245772992,-0.00309579519791059
"Corvus corone","2018s",6,0.511,0.51,0.001,72.1595712178089,72.0948451679292,0.631771200012134,0.634309062404886,0.0647260498796953,-0.00253786239275244
"Corvus monedula","2012s",6,0.16,0.158,0.002,566.659318749653,568.054902430426,0.790033538625962,0.783003620403803,-1.39558368077303,0.00702991822215915
"Corvus monedula","2018s",7,0.779,0.767,0.012,17.9271984406832,17.5827549552045,0.735566783255976,0.730103506818384,0.344443485478635,0.0054632764375917
"Schoeniclus rusticus","2006s",5,0.106,0.067,0.039,5413.04926112774,5192.17426311072,0.684059750659576,0.678468179113161,220.874998017028,0.00559157154641476
"Schoeniclus rusticus","2012s",5,0.471,0.45,0.021,159.8949149902,164.296810554691,0.581544833426539,0.577891758568496,-4.4018955644909,0.00365307485804323
"Schoeniclus rusticus","2018s",5,0.156,0.129,0.027,1176.63172909266,1212.22676177205,0.638822378379043,0.631834586353443,-35.59503267939,0.00698779202560051
"Ficedula parva","2012s",7,0.606,0.551,0.055,12.056000102264,13.047017616969,0.673628363129387,0.677305892610851,-0.991017514705073,-0.00367752948146449
"Ficedula parva","2018s",6,0.161,0.103,0.058,1261.50474886476,1184.76991112039,0.671705173081903,0.66920097286032,76.7348377443666,0.0025042002215826
"Luscinia luscinia","2012s",6,0.156,0.153,0.003,1228.00215579453,1232.11344513232,0.760306963789356,0.767613994690822,-4.1112893377915,-0.00730703090146678
"Luscinia luscinia","2018s",6,0.185,0.177,0.008,357.551289334988,360.704809822388,0.676296825172892,0.683694855773108,-3.15352048739982,-0.00739803060021627
"Garrulus glandarius","2006s",7,0.329,0.318,0.01,9.63417829748929,9.752539197907,0.655334594938996,0.650425349908048,-0.118360900417702,0.00490924503094858
"Garrulus glandarius","2012s",7,0.523,0.472,0.05,37.6829336038059,40.3300609610117,0.741153565136819,0.749740004513055,-2.64712735720583,-0.00858643937623538
"Garrulus glandarius","2018s",6,0.18,0.117,0.063,1151.51852301473,1074.21884470525,0.77747934676531,0.768540239599574,77.2996783094709,0.00893910716573632
"Calidris falcinellus","2006s",5,0.079,0.048,0.031,12927.7987310881,13353.3157120492,0.688635491510544,0.685530078814747,-425.516980961114,0.00310541269579701
"Calidris falcinellus","2012s",4,0.058,0.049,0.009,22089.4705113573,22296.1769330843,0.711314782151436,0.702815919302579,-206.706421727027,0.00849886284885748
"Calidris falcinellus","2018s",5,0.055,0.051,0.004,17857.8927827949,17786.9610085318,0.774714314708424,0.767859802195446,70.9317742631065,0.00685451251297819
"Lymnocryptes minimus","2006s",5,0.059,0.051,0.008,18762.4948099048,18616.0355792965,0.70683609810262,0.708294811374872,146.459230608325,-0.00145871327225267
"Lymnocryptes minimus","2012s",4,0.05,0.048,0.003,48949.7175553314,49079.6955804927,0.755899809306623,0.755834083813852,-129.978025161385,6.57254927713957e-05
"Lymnocryptes minimus","2018s",6,0.437,0.43,0.007,1487.78952785525,1474.68072142486,0.874329686900924,0.876219156244036,13.1088064303915,-0.00188946934311274
"Luscinia svecica","2000s",4,0.065,0.039,0.025,35896.4735281207,34969.577821358,0.734946763529777,0.740713358584974,926.895706762698,-0.0057665950551975
"Luscinia svecica","2018s",5,0.109,0.099,0.01,15018.1888207877,15181.9947481813,0.842143452691934,0.848458516378587,-163.805927393612,-0.00631506368665335
"Schoeniclus pusillus","2012s",4,0.044,0.043,0.001,4640.47832568103,4635.935449178,0.518130531431257,0.509568282888919,4.54287650303013,0.00856224854233756
"Calidris pugnax","2012s",4,0.049,0.041,0.008,62090.5959726173,61582.8324290402,0.801196780541412,0.796491916574336,507.763543577079,0.00470486396707526
"Calidris pugnax","2018s",4,0.049,0.039,0.01,93123.8789660296,92139.098781677,0.847189807800603,0.841913070390613,984.780184352552,0.00527673740999057
"Pinicola enucleator","2012s",4,0.048,0.043,0.006,841.923845602072,837.082986385638,0.373837122953059,0.368665824173639,4.84085921643339,0.00517129877941991
"Pinicola enucleator","2018s",4,0.05,0.046,0.004,11604.2406628787,11562.2467851539,0.529138748291653,0.526710009421877,41.9938777248099,0.00242873886977635
"Buteo lagopus","2012s",5,0.11,0.088,0.022,7784.12952368569,7608.00373341862,0.826818011747925,0.814305173097772,176.125790267079,0.0125128386501528
"Asio flammeus","2012s",5,0.134,0.121,0.013,19596.4121200417,19863.6307450577,0.944587121920716,0.935478009111681,-267.218625016034,0.00910911280903481
"Accipiter nisus","2012s",4,0.059,0.046,0.013,35869.4743426783,36349.1230949174,0.86991770876972,0.865928918105932,-479.648752239067,0.00398879066378865
"Phasianus colchicus","2018s",7,0.908,0.908,0,0.220006872007079,0.219864383494411,0.617615255262657,0.613078407069262,0.000142488512668099,0.00453684819339495
"Alces alces","2000s",7,0.508,0.443,0.066,0.523484004078956,0.479175648928153,0.441386605002188,0.436647422780125,0.0443083551508029,0.00473918222206376
"Alces alces","2006s",7,0.521,0.45,0.071,0.364086095118318,0.330810275751422,0.432298749501644,0.43464465024456,0.0332758193668959,-0.00234590074291585
"Alces alces","2012s",7,0.516,0.488,0.028,0.194726809732116,0.202189999992762,0.43504577673345,0.440451877233396,-0.00746319026064615,-0.00540610049994655
"Alces alces","2018s",7,0.57,0.567,0.003,0.126955410009825,0.127456544640371,0.423129483642872,0.422480766045785,-0.000501134630545685,0.000648717597087012
"Lepus timidus","2000s",7,0.451,0.402,0.049,0.797377918440625,0.849855418323184,0.439149269359024,0.444706217606218,-0.0524774998825587,-0.0055569482471941
"Lepus timidus","2006s",7,0.477,0.455,0.022,0.545216572330611,0.561273601202192,0.439215235522123,0.443951794042042,-0.016057028871581,-0.00473655851991939
"Lepus timidus","2012s",7,0.483,0.472,0.01,0.339209701419373,0.343927585375042,0.42843374075492,0.435401527459704,-0.00471788395566969,-0.00696778670478332
"Lepus timidus","2018s",7,0.563,0.522,0.041,0.17316491751506,0.163618262486813,0.415242900017461,0.408072485369508,0.00954665502824695,0.00717041464795259
"Lynx lynx","2000s",7,0.649,0.596,0.053,0.104447057714971,0.113036345961616,0.369547098855351,0.372708338595096,-0.00858928824664459,-0.00316123973974497
"Lynx lynx","2006s",7,0.468,0.445,0.023,0.476993185178302,0.491530428361024,0.40758520028749,0.411158030658206,-0.0145372431827218,-0.00357283037071593
"Lynx lynx","2012s",7,0.486,0.452,0.034,0.437831268607084,0.418636605041501,0.441039715722722,0.434979714707204,0.0191946635655831,0.00606000101551829
"Lynx lynx","2018s",7,0.472,0.444,0.028,0.251941870014659,0.261300126392653,0.397911142397678,0.394929528056593,-0.00935825637799415,0.00298161434108485
"Mustela erminea","2000s",7,0.493,0.451,0.042,2.64929129837632,2.80235721708428,0.480489694603525,0.487892325802677,-0.153065918707953,-0.00740263119915219
"Mustela erminea","2006s",7,0.602,0.572,0.03,1.2049111722385,1.15435647914675,0.462312925796521,0.459243092117774,0.0505546930917544,0.00306983367874719
"Mustela erminea","2012s",7,0.547,0.527,0.02,1.57934403922332,1.62353852346169,0.507732034489031,0.508498950733483,-0.0441944842383766,-0.000766916244451243
"Mustela erminea","2018s",7,0.483,0.466,0.016,6.27745539769462,6.14251231426268,0.536196827562731,0.533802802748529,0.134943083431949,0.00239402481420226
"Sciurus vulgaris","2000s",7,0.45,0.428,0.022,0.93161860089748,0.958798999710005,0.460461174597715,0.4650833356279,-0.0271803988125258,-0.00462216103018576
"Sciurus vulgaris","2006s",7,0.463,0.415,0.048,0.746759764056219,0.701568620649114,0.455481681196473,0.4576403878511,0.0451911434071052,-0.00215870665462703
"Sciurus vulgaris","2012s",7,0.494,0.453,0.042,0.561697975883268,0.5314702319483,0.455458704911321,0.457944608980847,0.0302277439349675,-0.00248590406952554
"Sciurus vulgaris","2018s",7,0.533,0.442,0.092,0.334617553505308,0.379192594276087,0.42975409736769,0.434737547362991,-0.044575040770779,-0.00498344999530131
"Lutra lutra","2000s",7,0.51,0.468,0.042,0.788146761745321,0.833862919597377,0.441697711337509,0.441430531329579,-0.0457161578520555,0.000267180007929968
"Lutra lutra","2006s",7,0.458,0.401,0.057,1.20255562746272,1.11695718903602,0.447800705437663,0.444862288099543,0.0855984384267008,0.00293841733811961
"Lutra lutra","2012s",7,0.449,0.437,0.012,0.690517973905116,0.701674435942973,0.456047764791545,0.454258993745827,-0.0111564620378574,0.00178877104571845
"Lutra lutra","2018s",7,0.551,0.537,0.014,0.253591872335655,0.248702474363288,0.43891584873358,0.434110598180457,0.00488939797236765,0.00480525055312364
"Lepus europaeus","2000s",7,0.512,0.397,0.116,0.836145345100995,0.977193847171691,0.438328722734755,0.441276021064133,-0.141048502070696,-0.00294729832937812
"Lepus europaeus","2006s",7,0.673,0.666,0.008,0.296837805236193,0.300387580052382,0.426698009644064,0.420379256255943,-0.00354977481618929,0.00631875338812177
"Lepus europaeus","2012s",7,0.44,0.417,0.023,0.86445574547572,0.890330106069987,0.441300993431323,0.444325288816329,-0.0258743605942665,-0.00302429538500593
"Lepus europaeus","2018s",7,0.453,0.372,0.082,0.429527511947442,0.477381321428098,0.432784719231003,0.43234916678486,-0.0478538094806557,0.000435552446143073
"Vulpes vulpes","2000s",7,0.409,0.379,0.03,1.44419766202225,1.39016308333269,0.466345826676123,0.466798631068806,0.0540345786895648,-0.000452804392682582
"Vulpes vulpes","2006s",7,0.46,0.439,0.021,1.08477631630007,1.1148731605685,0.469330659878465,0.471154139767008,-0.0300968442684353,-0.00182347988854342
"Vulpes vulpes","2012s",7,0.54,0.513,0.027,0.636683771424108,0.660705783584457,0.489485503798263,0.482594245427664,-0.0240220121603487,0.00689125837059895
"Vulpes vulpes","2018s",7,0.549,0.45,0.099,0.30935516094813,0.354646685499695,0.452027611347325,0.456560059471134,-0.0452915245515653,-0.00453244812380849
"Neovison vison","2000s",7,0.643,0.633,0.01,0.681551459674999,0.691191479675771,0.487545712397892,0.486942750921874,-0.00964002000077235,0.000602961476018571
"Neovison vison","2006s",7,0.392,0.354,0.038,3.2003177697542,3.35680523577746,0.501947753715633,0.500367748055321,-0.156487466023253,0.00158000566031269
"Neovison vison","2012s",7,0.343,0.332,0.012,1.42709711768331,1.40735740545252,0.455418397062061,0.453634573062843,0.0197397122307814,0.00178382399921806
"Neovison vison","2018s",7,0.472,0.393,0.078,1.03783022017953,0.936634443848367,0.454334330542192,0.451254509732278,0.101195776331165,0.00307982080991415
"Capreolus capreolus","2000s",7,0.662,0.625,0.037,0.529258207189528,0.559358690427452,0.415837812255052,0.416559679926544,-0.0301004832379237,-0.000721867671491905
"Capreolus capreolus","2006s",7,0.583,0.503,0.08,0.733341360784611,0.820645356038559,0.436503810891142,0.434580757882979,-0.0873039952539476,0.00192305300816265
"Capreolus capreolus","2012s",7,0.442,0.333,0.109,2.40037411737172,2.08644357571299,0.465847976418226,0.461415580951578,0.313930541658734,0.00443239546664798
"Capreolus capreolus","2018s",7,0.488,0.432,0.056,0.49363967956919,0.458296540895308,0.454622719108618,0.447391014805605,0.0353431386738821,0.00723170430301323
"Nyctereutes procyonoides","2000s",7,0.377,0.324,0.053,4.60468218768045,4.91792234130651,0.490859055755447,0.487436559129004,-0.313240153626064,0.00342249662644317
"Nyctereutes procyonoides","2006s",7,0.443,0.346,0.097,2.33365127185206,2.64454284403802,0.488442305666924,0.486033014654045,-0.310891572185966,0.00240929101287835
"Nyctereutes procyonoides","2012s",7,0.426,0.282,0.144,1.12220567508165,1.34825826327178,0.447298173990721,0.450051369583781,-0.226052588190127,-0.00275319559306025
"Nyctereutes procyonoides","2018s",7,0.443,0.403,0.04,0.413250678486962,0.434977958216729,0.411676153270232,0.411341585190318,-0.0217272797297665,0.000334568079913611
"Vulpes lagopus","2000s",7,0.613,0.6,0.012,0.198948428478692,0.202503248920719,0.422948562324886,0.423875530039034,-0.00355482044202701,-0.000926967714148297
"Vulpes lagopus","2006s",7,0.542,0.419,0.122,0.480004499189732,0.405618858789985,0.446161902288552,0.429611947930763,0.0743856403997475,0.0165499543577883
"Vulpes lagopus","2012s",7,0.519,0.503,0.017,0.241561941492932,0.24711410349184,0.442833606369175,0.438405132085896,-0.00555216199890887,0.00442847428327986
"Vulpes lagopus","2018s",7,0.59,0.584,0.006,0.120102013795653,0.121073154668718,0.433123419634397,0.432533262491314,-0.000971140873065227,0.000590157143082914
"Mustela nivalis","2000s",7,0.329,0.248,0.081,3.85781581807271,4.25193419163745,0.484655462626672,0.495338283208383,-0.394118373564741,-0.0106828205817109
"Mustela nivalis","2006s",7,0.441,0.405,0.036,1.1093654102112,1.0588734856133,0.442545804490104,0.440992350567171,0.0504919245979016,0.00155345392293255
"Mustela nivalis","2012s",7,0.472,0.451,0.021,1.14140947692187,1.11064692445873,0.506068480877215,0.499631903965014,0.0307625524631419,0.00643657691220129
"Mustela nivalis","2018s",7,0.507,0.356,0.15,0.499258132373186,0.610967120100917,0.446386490793454,0.446185209370071,-0.111708987727731,0.000201281423383104
"Odocoileus virginianus","2000s",7,0.788,0.767,0.02,0.0964467392746631,0.0997233758940395,0.397088862655547,0.401845110339682,-0.00327663661937644,-0.00475624768413496
"Odocoileus virginianus","2006s",7,0.653,0.62,0.033,0.266026709505749,0.253213220652559,0.43188270736869,0.42810014924708,0.0128134888531896,0.00378255812161027
"Odocoileus virginianus","2012s",7,0.466,0.392,0.074,0.864465369004684,0.785328769703017,0.441368941662393,0.443477052384687,0.0791365993016662,-0.0021081107222935
"Odocoileus virginianus","2018s",7,0.544,0.513,0.031,0.225468203735843,0.235269968996109,0.416025040766239,0.419964563431933,-0.00980176526026569,-0.00393952266569453
"Meles meles","2000s",5,0.303,0.288,0.015,90.7998161025201,89.2274240404325,0.485679577219256,0.477473116396662,1.57239206208762,0.00820646082259407
"Meles meles","2012s",6,0.322,0.316,0.005,3.00027703473305,3.0192236470238,0.487792194538842,0.491299725597005,-0.0189466122907436,-0.00350753105816348
"Meles meles","2018s",7,0.31,0.302,0.008,0.439801172918207,0.443967272368094,0.455367340002829,0.452752463933451,-0.00416609944988755,0.00261487606937832
"Rangifer tarandus fennicus","2006s",5,0.068,0.063,0.005,230.393788651203,231.645359276907,0.376496505686456,0.371403794148852,-1.25157062570398,0.00509271153760393
"Rangifer tarandus fennicus","2012s",6,0.13,0.122,0.007,6.81028740389638,6.8626098670365,0.264539189113376,0.263004552027075,-0.0523224631401122,0.00153463708630069
"Rangifer tarandus fennicus","2018s",7,0.429,0.409,0.019,1.45022172494544,1.48647331892285,0.47225648849046,0.47437558499196,-0.0362515939774131,-0.00211909650150094
"Castor sp.","2018s",7,0.55,0.529,0.021,0.251776858021877,0.259074464488661,0.421435764346708,0.42496842810413,-0.00729760646678373,-0.00353266375742256
"Canis lupus","2000s",4,0.042,0.035,0.007,4197.78503087681,4168.98735681842,0.392951178277921,0.395755405287029,28.797674058389,-0.00280422700910776
"Canis lupus","2006s",6,0.285,0.269,0.016,9.59600788036634,9.42174017941199,0.4307379156411,0.425677733982438,0.174267700954349,0.00506018165866245
"Canis lupus","2012s",6,0.152,0.125,0.027,23.2856270788617,23.9847199381617,0.44365441248623,0.441384040507392,-0.69909285929992,0.00227037197883734
"Canis lupus","2018s",7,0.437,0.394,0.043,0.288783904318703,0.273292817436103,0.347177104949415,0.343201973162082,0.0154910868826007,0.00397513178733261
"Gulo gulo","2000s",4,0.045,0.039,0.006,23393.4365736512,23530.8339740507,0.606530340373272,0.609127712423204,-137.397400399499,-0.00259737204993193
"Gulo gulo","2006s",6,0.776,0.775,0.001,2.37169028871736,2.37560426730358,0.487330632659177,0.484803895085716,-0.00391397858621456,0.00252673757346111
"Gulo gulo","2012s",6,0.353,0.343,0.01,5.44029778525887,5.37598152303385,0.418119374022645,0.418872294381345,0.064316262225022,-0.000752920358699505
"Gulo gulo","2018s",7,0.51,0.505,0.005,0.231660999009924,0.233329891764934,0.419331855304239,0.419662702165432,-0.00166889275500973,-0.000330846861192224
"Sus scrofa","2018s",6,0.292,0.245,0.048,10.6910635856486,10.1118752886327,0.417846016796046,0.415222950643096,0.579188297015847,0.00262306615294938
"Mustela putorius","2018s",6,0.14,0.123,0.017,211.484033127734,215.460295531863,0.553948655156408,0.549881762122032,-3.97626240412873,0.00406689303437568
